nom,url
NeS,https://open.spotify.com/artist/2MbFuUcFSJlVAbvORsuYM9
Luther,https://open.spotify.com/artist/712cOCN3mpraX2UOgUvdHW
Yvnnis,https://open.spotify.com/artist/2Av0IgTSSDYLJNajJrQwyb
Jul,https://open.spotify.com/artist/3IW7ScrzXmPvZhB27hmfgy
Rounhaa,https://open.spotify.com/artist/6jFcJYXzABu7Us9iwENUJe
PAPI TeddyBear,https://open.spotify.com/artist/5FlUQWvr6Iwcfz4NZOQOT9
Zek,https://open.spotify.com/artist/0ZvXadOwtNaacnVKZVFzLr
Bavaz,https://open.spotify.com/artist/7moa3M0pc6mCuFNMheYvVp
Kheops,https://open.spotify.com/artist/7g9QCyx9r1R424eMqNtM2g
Nakk,https://open.spotify.com/artist/4NzpEpo1yDx1XZ6iz5FuhD
Stony Stone,https://open.spotify.com/artist/39eNWcMW3ts3zXEQQ34jgR
Venus,https://open.spotify.com/artist/740RmvL1WrYBT3Ii8ZX5LO
Sonny Rave,https://open.spotify.com/artist/2oz0IgsR0xKABrapfXcEwy
Sinik,https://open.spotify.com/artist/1ONnyhQBTnkvg4QmI97hJg
Saian Supa Crew,https://open.spotify.com/artist/6XaUaXu0cGAFK1AlQkl1b6
1PLIKÉ140,https://open.spotify.com/artist/4Ue6MAZqz18NlaOQomRXLU
Don Choa,https://open.spotify.com/artist/3nRUvKHrGi4lrRF01yTzod
Haroun,https://open.spotify.com/artist/5p9kx3T4qpQIq88fibnUeN
GrandBazaar,https://open.spotify.com/artist/5Gy06Dx6rmDAfR6gA7Kkqw
Sameer Ahmad,https://open.spotify.com/artist/34Ey3IUQwiZtN7HLRxW60E
Artel,https://open.spotify.com/artist/0K3A2UbboissqdCQ0KYZZc
Mister P,https://open.spotify.com/artist/6HG2ibEniV00L7YPS02JNB
LEDOUBLE,https://open.spotify.com/artist/2EdH0nQk7W2ahGIWaFrzR6
Jean-Jacques Goldman,https://open.spotify.com/artist/2Cx19OTMqa6gpz2l60cGG2
Zoomy,https://open.spotify.com/artist/6sSz0go2R0uJLr3yGdFg59
wasting shit,https://open.spotify.com/artist/7b1jPoK6X8K5O0LhKqSXf3
DEELEE S,https://open.spotify.com/artist/5RxdeY8UpyJPFEf1tBoRtg
Dundy,https://open.spotify.com/artist/0fnaTEcaWu5dbRPXR0MaKz
Leo SVR,https://open.spotify.com/artist/5A9mROBjRdGLzz0kgb56Za
Jeune Morty,https://open.spotify.com/artist/0j88iwyJrnRpKBhiJtG0je
Unfamouslouie,https://open.spotify.com/artist/2r027MivKk5aA5yYHp1iP2
Bob Marlich,https://open.spotify.com/artist/2hbpMFkBbWiREMmfZ6KC3T
Kid Exotic,https://open.spotify.com/artist/29Y1BQD8uxvrcj4Fk5sl9F
Happy Mondays,https://open.spotify.com/artist/339DNkQkuhHKEcHw6oK8f0
Lyre,https://open.spotify.com/artist/4gerBwxP6uezCu6vlSugaf
127m,https://open.spotify.com/artist/50EDvsTvD6muZl9KK5UAfT
Dexa.,https://open.spotify.com/artist/6YeMsIYyylLSdpkva1ljFD
Celestino,https://open.spotify.com/artist/6zk1BCMMPwfeVoYWYWzsUP
Dafliky,https://open.spotify.com/artist/1NwAZZstZLzJ66HdpQJLOx
Naimo,https://open.spotify.com/artist/5BBrYUT96IKHO42xounxHq
Dalí,https://open.spotify.com/artist/02gko1zWBeKdi4oXeV8qfo
Khali,https://open.spotify.com/artist/0rqQfmTWtmxzlrNmnruQXS
So La Lune,https://open.spotify.com/artist/4ZW7BptOWzjNFLEqRiNCT7
J9ueve,https://open.spotify.com/artist/4fj5OWrMmlCbrc3PocAcl1
Limsa d'Aulnay,https://open.spotify.com/artist/7l6m2BySHwnjJuw22SXwh5
Népal,https://open.spotify.com/artist/1E8w172gkuT5htpwaIEsEl
Zeu,https://open.spotify.com/artist/36MWnDH4kn3Sx79LLtLpjF
Lesram,https://open.spotify.com/artist/0UeKDbiaApyP7qKfcmGN03
Jolagreen23,https://open.spotify.com/artist/2jZ78PLlC1PuYKQ2bVwRvz
Osirus Jack,https://open.spotify.com/artist/3p6dh3Zn4fVXJatMy3Xqzq
Ajna,https://open.spotify.com/artist/3tMXAn9bB1GcLfPaukbrSS
Kpri,https://open.spotify.com/artist/2PVg2kfkw7jNNVfy6ouB3H
PLK,https://open.spotify.com/artist/3DCWeG2J1fZeu0Oe6i5Q6m
Waks,https://open.spotify.com/artist/0wSHLwS2XMtFJL1o3KksdK
Saturn Citizen,https://open.spotify.com/artist/7siKy5Wrq7TwvyJ21KushJ
Luv Resval,https://open.spotify.com/artist/5l8WyvJ50fdSghK2ySNq1y
34murphy,https://open.spotify.com/artist/4Mh8SbD6PTE2qpg506iHbT
Lyonzon,https://open.spotify.com/artist/43mlbNLGRuLXwqTE8G61JB
Jeune Morty,https://open.spotify.com/artist/0j88iwyJrnRpKBhiJtG0je
ASHE 22,https://open.spotify.com/artist/3tTvSeZiFDP3CY5EdPGcR4
8ruki,https://open.spotify.com/artist/0ATaMBIaHwtM6LZpQam5r2
Attachingboy,https://open.spotify.com/artist/6tB8V9mp5QW1yla5SVorpL
Ratu$,https://open.spotify.com/artist/7m3gqqtxB5FGXBFmOkR8Sf
Hugo TSR,https://open.spotify.com/artist/4wuKH89QtnyauwNpBMp5RP
Wallace Cleaver,https://open.spotify.com/artist/49qUD3ZuoOWEXwLgDwa3Eg
maitrecorbeau,https://open.spotify.com/artist/6FqdkyYVCgDgUapvwBF2gv
Okis,https://open.spotify.com/artist/0xWuOAOCalEdZYsxxpoSwx
AAMO,https://open.spotify.com/artist/5PQWIvBPwezhXhqnr4gpdm
Jwles,https://open.spotify.com/artist/4vbxtxqdkeHt1dICi63qs8
404Billy,https://open.spotify.com/artist/5xMkiuMCSS13z5shShg7Mz
Hamza,https://open.spotify.com/artist/5gs4Sm2WQUkcGeikMcVHbh
Moji x Sboy,https://open.spotify.com/artist/4J3vhZNPel1Tyj2GHsXi6i
Ateyaba,https://open.spotify.com/artist/281AuR0rWkBECMeaAB0pSA
Implacable,https://open.spotify.com/artist/2qR9qsNlQJN7NOGEXZva5F
SCH,https://open.spotify.com/artist/2kXKa3aAFngGz2P4GjG5w2
Zuukou mayzie,https://open.spotify.com/artist/6a2V6IHS7jT9M1IvJ8V3yB
winnterzuko,https://open.spotify.com/artist/6lh7vDO9GPAbyQ7PhT2a80
H JeuneCrack,https://open.spotify.com/artist/6Gm6S6XDUo6un4aPrRNeOj
Josman,https://open.spotify.com/artist/6dbdXbyAWk2qx8Qttw0knR
Laylow,https://open.spotify.com/artist/0LnhY2fzptb0QEs5Q5gM7S
Savage Toddy,https://open.spotify.com/artist/6eZmUcps7ec36kCUw0LLWw
Youri,https://open.spotify.com/artist/1g4gTYnPjQSIOAzFU3V8AL
YUQI,https://open.spotify.com/artist/22aCD8IrQZjcPgZw728QT6
Zola,https://open.spotify.com/artist/54kCbQZaZWHnwwj9VP2hn4
Beendo Z,https://open.spotify.com/artist/7a35Zdc78bDXJv2vYf5hSO
Vénus?,https://open.spotify.com/artist/0Bc2AVK9l7olc1Sn4E6jE7
Prince Waly,https://open.spotify.com/artist/4Lc100wJvtsyzNuPICliGy
ThaHomey,https://open.spotify.com/artist/1Gc5TtRgNOXvBfJ2J2vmlO
joaqm,https://open.spotify.com/artist/2Lj7QOXyhu2Aji3lMy0qeQ
Serane,https://open.spotify.com/artist/2juymGEgJZTvtxOcnCWY17
poissonchat,https://open.spotify.com/artist/064Ut5t9PvMeuGfKiprmZA
J0R0,https://open.spotify.com/artist/3bUEMqMPqwc2BpyycVzrgx
Alkpote,https://open.spotify.com/artist/0QcZD8V0Ug1KINWBSyG0dB
Deemax,https://open.spotify.com/artist/3mnPgDAZ5fsnyeq6EMpGGt
Kay The Prodigy,https://open.spotify.com/artist/4ziOwyCpUFMlERkfyoEV6p
Mister V,https://open.spotify.com/artist/5qisLjDrKoHMI9zOK2hfzs
Deen Burbigo,https://open.spotify.com/artist/2OTfhbxhBO1u1bAuCy6ouu
Saboteur,https://open.spotify.com/artist/6uON7fFmsYsD5e4fyc2w3p
Gemen,https://open.spotify.com/artist/38Ey7an6lpTlez98WKnAd2
Diddi Trix,https://open.spotify.com/artist/52h6A1y99QgoEf5FzKEHs1
Olympe Chabert,https://open.spotify.com/artist/5vAhRi3Q9OFWN9C8pO3oTp
Dau,https://open.spotify.com/artist/1UMnJFeGreEat6fHl5Ae1L
STee,https://open.spotify.com/artist/1YaSHKlZETMDuutbyQfsmG
Ormaz,https://open.spotify.com/artist/1p7DzCCPD24P5IUVosY850
Kekra,https://open.spotify.com/artist/20pbz4TbpkBUr5JwYfGgPS
Lightboy,https://open.spotify.com/artist/0vyNatR16P8Mo4az9UXa15
Gaala,https://open.spotify.com/artist/1XVlmk0KkGlf6oDigNCdBJ
Yerro,https://open.spotify.com/artist/79h8HhC85CDbR7kvAArYGc
Lefa,https://open.spotify.com/artist/25yJrwrn5I0EUdQEiTtNSO
Ashh,https://open.spotify.com/artist/4YUcg2ee9TxMNdjhAxzZBF
L2B,https://open.spotify.com/artist/4hYxvgmTzS29XAXlo5adgM
Slimka,https://open.spotify.com/artist/3JudvZnY94AkCzfAVXzawN
Azur,https://open.spotify.com/artist/3dQBVcyYyooIelAojy1CmQ
Mussy,https://open.spotify.com/artist/5oWCZVOBaS8Bn3JW6Wy4cn
Gouap,https://open.spotify.com/artist/2PTkgd9aalneW14C0CYcK9
Nekfeu,https://open.spotify.com/artist/4LXBc13z5EWsc5N32bLxfH
Sheldon,https://open.spotify.com/artist/6162ZDzd0LT28Lxdj52jjK
3010,https://open.spotify.com/artist/1KTf3AtEB3A96IfHv2kzPh
Kaki Santana 667,https://open.spotify.com/artist/7qiBanyVS8KeQKnlaensuX
Sto,https://open.spotify.com/artist/475O928CVcLukJqBd4LPJ3
Bekar,https://open.spotify.com/artist/6wjkiUBMMYSIx5UBTp7eKC
Mano Kid Sam,https://open.spotify.com/artist/7btmnWWBYvsdPUr6R2fH6x
Melvil,https://open.spotify.com/artist/5QuimjeQm0J5FkE5bsTlJU
4NDE,https://open.spotify.com/artist/1JDqF3fXt73sJxOsuGQ9jZ
Reiko,https://open.spotify.com/artist/551wtACyrAAa7R6GiijiYx
Coffio,https://open.spotify.com/artist/6zVHFZzmrg5mcHncbMsj69
MRI,https://open.spotify.com/artist/3D1qMRi1Ki5Up3LeHylpak
Ye,https://open.spotify.com/artist/3NlsBPwqJuDgtXZ2rv5Dmq
Cielbleu,https://open.spotify.com/artist/6kQS6z1b7oIsR1RLxc9jNc
Don Hokano,https://open.spotify.com/artist/2nBIweODEoTmUEcK188JsW
Joji Redback,https://open.spotify.com/artist/5UIyagxqrdDPpmMxGH56YK
Rimebo,https://open.spotify.com/artist/7HTAT1UO48NHZYhFJrRBDm
Euteïka,https://open.spotify.com/artist/1aKfBxDQodqvS9Z1kwIW3l
NEPHEL,https://open.spotify.com/artist/4mZUOwaUgDbRfE0lTOjHwz
Hollywood belek,https://open.spotify.com/artist/1ku61NaBviuSco0gvmeV5r
Nadir,https://open.spotify.com/artist/7IgnSeZD9SIibndDKatr6q
OD72,https://open.spotify.com/artist/5jP3Qf0g5dnxfeP2EyBmXn
Pivi,https://open.spotify.com/artist/36MKo2th9FpXP8QWHBLXHo
Keroué,https://open.spotify.com/artist/5BmYHHk3xzJxkmrHVkq4y8
Nélio,https://open.spotify.com/artist/2hs216MPY8ihAiYBNvT7fd
Leust,https://open.spotify.com/artist/50i0lo03G5ZRLiln0Vk2BV
75ERA,https://open.spotify.com/artist/2i8fNubLlHtGfCeBbwQ2zM
Josué,https://open.spotify.com/artist/4Bb3vJgKsgjMmxDEElLZ1Y
A2h,https://open.spotify.com/artist/2ktpq7bp4m1quizyEmp4r1
neophron,https://open.spotify.com/artist/1ryRmZ474qavvMFyQgSr8W
Infinit',https://open.spotify.com/artist/5y2Ny3eOPrhtb5uQFl30vq
BEN plg,https://open.spotify.com/artist/4Q4yUu2v7zN40G0LtsnY98
Lil Purpx,https://open.spotify.com/artist/45gUSG3z1KARI7RfS1Bj28
LUVBFK,https://open.spotify.com/artist/7CjPQNkFoIlmPCPawTQtcn
Morphée,https://open.spotify.com/artist/7mx6ZASfJykUQ0AY7HCiPh
Todd,https://open.spotify.com/artist/39dsykDOsgbhSWe39v4XC9
Fuku,https://open.spotify.com/artist/0HpYoRD6IH172Uk0vNnEbt
Inover,https://open.spotify.com/artist/7vQiHgfYRFbLGDeESsnkKj
Arsaphe,https://open.spotify.com/artist/254Bb7mlUG9b3nRZ200dc9
Kader Japonais,https://open.spotify.com/artist/3e3cKwH1kUr02bvIm7VaIe
Benny Benassi,https://open.spotify.com/artist/4Ws2otunReOa6BbwxxpCt6
Berliner Philharmoniker,https://open.spotify.com/artist/6uRJnvQ3f8whVnmeoecv5Z
MZ,https://open.spotify.com/artist/0xEVr5H3VEj3g11u1q6ifW
Senamo,https://open.spotify.com/artist/2RPfjjkSe3N9gmyGk1ZBxo
Youv Dee,https://open.spotify.com/artist/5P3mgWx3KvnURMhlVm5pMS
Oxmo Puccino,https://open.spotify.com/artist/44bvfFf9VeGwVjK0QDqQ7O
Jimmy La Loutre,https://open.spotify.com/artist/4Yy4I7ESBGr9fzFY8wThpC
Arthur Qwest,https://open.spotify.com/artist/7MC5TdOWL9vdwmhDfdl67c
Jok'air,https://open.spotify.com/artist/2kIs76sEGiulKeqetZq6ua
Campesino,https://open.spotify.com/artist/6YZvEinSwiLu5iwQSZVqUE
Khlaws,https://open.spotify.com/artist/4GGBhJr7RROOsy9FJQYSGG
Gazo,https://open.spotify.com/artist/5gqmbbfjcikQBzPB5Hv13I
IAM,https://open.spotify.com/artist/56Q6weEROZ1RsVrTak8Bm7
Booba,https://open.spotify.com/artist/58wXmynHaAWI5hwlPZP3qL
Rowjay,https://open.spotify.com/artist/5qMf7CFNNQi7gb1WQb74Pc
GAL,https://open.spotify.com/artist/1X37AWx6kKH1rHNfXNyfAv
LUZON,https://open.spotify.com/artist/3kJMhlNemiDXcwAcKV91OU
Carlit013,https://open.spotify.com/artist/3WLkdBUvMHQM9WSS1upSsg
HOUDI,https://open.spotify.com/artist/0E9vzecg75Thz2ekrGIaF6
baby hayabusa,https://open.spotify.com/artist/36UFsn5LqU3Pn8ZShX4d7j
FEMTOGO,https://open.spotify.com/artist/0VphuTgDCzWuJ9Cs3kkqVL
abel31,https://open.spotify.com/artist/5SopFLh8vVtWVpwBFbqHAa
Seventeen,https://open.spotify.com/artist/5uUb3J6HqLhBWwzuh84LUZ
808NOCHE,https://open.spotify.com/artist/6XQiXuIXPhKyIeOu1cJ0fO
Zamdane,https://open.spotify.com/artist/5CtPAGoxpJ4yLJLx6CSrO8
Selug,https://open.spotify.com/artist/3j2UfwsNoDqcuoGh8gp0qi
JeanJass,https://open.spotify.com/artist/11jTIrOwxFOLvhJIdb4FYo
Caballero & JeanJass,https://open.spotify.com/artist/1mMUzAMrNqoTHgtxA0dZi6
Alpha Wann,https://open.spotify.com/artist/7yeFMUrYTY5cAZx0GKXnti
Mairo,https://open.spotify.com/artist/1BosUoykMJzWNTXM4Qfblg
Jungle Jack,https://open.spotify.com/artist/36HOtWiV4nn0luNGSn2xAT
BU$HI,https://open.spotify.com/artist/2GIoAorOnT0Yp1jKyTzW7K
Jeune Lion,https://open.spotify.com/artist/4tTvRdLVGAsJyk9lEEx3Xb
gapman,https://open.spotify.com/artist/51ZBNSPS2WAuR4PzPRO8Ry
La Fève,https://open.spotify.com/artist/2sBKOwN0fSjx39VtL2WpjJ
La Fève,https://open.spotify.com/artist/2sBKOwN0fSjx39VtL2WpjJ
Ninho,https://open.spotify.com/artist/6Te49r3A6f5BiIgBRxH7FH
Rohff,https://open.spotify.com/artist/32UhRcgdXO6LdLhOpfIdxp
PNL,https://open.spotify.com/artist/3NH8t45zOTqzlZgBvZRjvB
Damso,https://open.spotify.com/artist/2UwqpfQtNuhBwviIC0f2ie
Orelsan,https://open.spotify.com/artist/4FpJcNgOvIpSBeJgRg3OfN
SDM,https://open.spotify.com/artist/0LKAV3zJ8a8AIGnyc5OvfB
Lomepal,https://open.spotify.com/artist/1Yfe3ONJlioHys7jwHdfVm
Vald,https://open.spotify.com/artist/3CnCGFxXbOA8bAK54jR8js
Leto,https://open.spotify.com/artist/6HCBnyTBSLdb3TFn2ayulY
Dinos,https://open.spotify.com/artist/1QPdp5duV6lV4XINCzjwQ2
Tiakola,https://open.spotify.com/artist/3vUMXQ9kPnZAQkMkZZ7Hfh
Kaaris,https://open.spotify.com/artist/1ntQKIMIgESKpKoNXVBvQg
Lujipeka,https://open.spotify.com/artist/1eTRyiHsWMoWKPD6s4Kiqt
Theodora,https://open.spotify.com/artist/3PpJbrAbphauEun8Xf9tD2
Adèle Castillon,https://open.spotify.com/artist/4ueh4hmRvt62k4BgP8dIS0
Maes,https://open.spotify.com/artist/6L34dW6SKMSDaGIfYDU19j
Koba LaD,https://open.spotify.com/artist/1q7T9rFQ2a2ukA1PU51fo3
Naps,https://open.spotify.com/artist/6W5uA6CNMf3hd2j4a2XWCx
Heuss L'enfoiré,https://open.spotify.com/artist/3YwqjMyrRfuixi2pbgTGCE
Alonzo,https://open.spotify.com/artist/2z2TRvloJt4EfUNQp9rHAi
Soso Maness,https://open.spotify.com/artist/0oeiA5U9u1U45Gos5cywUU
Freeze corleone,https://open.spotify.com/artist/76Pl0epAMXVXJspaSuz8im
Kalash Criminel,https://open.spotify.com/artist/6ytOHdKh4xt4YvF7tz8Zcv
Ziak,https://open.spotify.com/artist/2ubn2zwyYaLdHOCKnTouU2
Guy2Bezbar,https://open.spotify.com/artist/07h4CCFmlXkwx0g4PL5Uuh
Djadja & Dinaz,https://open.spotify.com/artist/5hREZP0zTQbTLkZ2M8RS4v
Sofiane,https://open.spotify.com/artist/6qFt3TjvxMt77YGsktWG8Z
RK,https://open.spotify.com/artist/2s7fZ34RK8RUJQ2ewsh6I5
Hatik,https://open.spotify.com/artist/05hirnMeVIzCrcUxbrysZU
Landy,https://open.spotify.com/artist/2EFpb61Lpi0l5ldOiqbZkK
Niro,https://open.spotify.com/artist/1wAtSe79kItIb9nf5EhI2Q
Hayce Lemsi,https://open.spotify.com/artist/3gz8sBWqcMQ0qsrZIoVphx
Mac Tyer,https://open.spotify.com/artist/1PTl9q5EaEZejVGts7MBLN
Black M,https://open.spotify.com/artist/7lMgpN1tEBQKpRoUMKB8iw
Fababy,https://open.spotify.com/artist/1ufm09MhiuoHpIFkbcIZGx
Lacrim,https://open.spotify.com/artist/7DUTsWY3RBd64vh8UtgtYA
Hornet La Frappe,https://open.spotify.com/artist/1kwzW1IszUiq4Gs9BFesvW
Vegedream,https://open.spotify.com/artist/4eYnorQRhVHT2KBl2UyHHd
Moha La Squale,https://open.spotify.com/artist/4vtz0m60CCrcsQmqDunDIR
YL,https://open.spotify.com/artist/2k8fAJK9HbH1FhqVpZL98P
Gradur,https://open.spotify.com/artist/2tcoLkA9Hexz70Kuc1NTUl
Sefyu,https://open.spotify.com/artist/2OULCPo7k0vPKlEZimhaVc
Médine,https://open.spotify.com/artist/1afjj7vSBkpIjkiJdSV6bV
Georgio,https://open.spotify.com/artist/6Xc0KDqzw5u6EQLgdfeoKO
13 Block,https://open.spotify.com/artist/7rTPCNINGzMp3Hc8Xqht5Z
Chilla,https://open.spotify.com/artist/1ywkNtrO3WGuwaehqxyjAO
Shay,https://open.spotify.com/artist/3MNnSV5hDd2UzZzgqD8xlU
Luidji,https://open.spotify.com/artist/3bRGJQd7b4lE3ZAEMfOXJp
Doria,https://open.spotify.com/artist/4ddqz1AzqYMRKYTslXO839
BOLEMVN,https://open.spotify.com/artist/0gGcw3tA1fZoF23qa8KFb7
Rémy,https://open.spotify.com/artist/1rT9J8vtPCzEKL7oGntxnr
DA Uzi,https://open.spotify.com/artist/3xEJ7cDz5rdg6VM8E6Mqhf
Timal,https://open.spotify.com/artist/2ptKt4yP4mYRZmvi09JYyi
Bigflo & Oli,https://open.spotify.com/artist/5mmEMfYChd6MImBagU7zCs
Bosh,https://open.spotify.com/artist/6Mm2g25BTeJ6BICPFWGkPg
ISHA,https://open.spotify.com/artist/0dSh0CIa0HPd9kJmJSmGQo
Tsew The Kid,https://open.spotify.com/artist/0SXZ0s0MoLOjw4Af6i3OGC
ZeGuerre,https://open.spotify.com/artist/3Rz9ULXMl7mfhCCFNnhd5N
Kerchak,https://open.spotify.com/artist/1nRbtbdYK51y71nVOxu332
Werenoi,https://open.spotify.com/artist/3YBJLs7RqR0aPGBgU27nDh
Gambi,https://open.spotify.com/artist/1lB3I3SI30v2ZOpR4XQqzJ
JMK$,https://open.spotify.com/artist/2v6hsrO3H2uRWgdsPfGQ1d
Rapi Sati,https://open.spotify.com/artist/1IwYT0LssMMf3aprn3pRzv
JEY BROWNIE,https://open.spotify.com/artist/7kaoO6sl3TKJ6p31PxqubZ
MALTY 2BZ,https://open.spotify.com/artist/5A7u47fziMdcEMunHjT8Kf
Yamê,https://open.spotify.com/artist/0wiCfDEHaEcPkKZOi7Nivl
7 Jaws,https://open.spotify.com/artist/2HXioEvQuzCcNmRsImBTET
Lazuli,https://open.spotify.com/artist/5KGjhTaGG0FvcOtQRAvoCE
Makala,https://open.spotify.com/artist/3r7t38zbphQtpfAH12UbRd
Di-Meh,https://open.spotify.com/artist/1QHLcqY9m9aoKWcjBiQV0y
Roshi,https://open.spotify.com/artist/4bDcCV0zjPsVs2GxtduYry
Le Juiice,https://open.spotify.com/artist/67MIpliQaIhUN1WLSkYEqC
Binks Beatz,https://open.spotify.com/artist/7BO3t7j5tGn3OISCrYgLnJ
TIF,https://open.spotify.com/artist/2NgTPluNpfsoYZnoeU2VsH
Rimkus,https://open.spotify.com/artist/4S19VrKiaA2usxsnqr5kA8
Fresh laDouille,https://open.spotify.com/artist/1ssrFpfMmM0vRx85eO2XKL
Jäde,https://open.spotify.com/artist/52CEzAtIDEJInO8yL0blFB
mademoiselle lou,https://open.spotify.com/artist/4CJClbpfpLi7UET4Nq1r3N
L2B Gang,https://open.spotify.com/artist/6oy394B6kbpg47B5iLskmb
Saint DX,https://open.spotify.com/artist/4AHuSBzDte0ospEtW9rL18
Andy S,https://open.spotify.com/artist/3ITARgOhBflkfjwmSNsiIK
Leilo,https://open.spotify.com/artist/6h5ihJZF0zHm7VOaEWJSpD
Joanna,https://open.spotify.com/artist/5k7czLtvpvADY4FkRnTS4p
Jeune Mort,https://open.spotify.com/artist/7u8gvNEGeiNVartjPGoTtU
Seven Binks,https://open.spotify.com/artist/12SPMb4VM4PyBD9no01jbH
Lpee,https://open.spotify.com/artist/79oE8fUBhUxb5rDnlUObQz
EDGE,https://open.spotify.com/artist/0ZCX1rGywF2LATUUCq0nOg
Nahir,https://open.spotify.com/artist/3x3gsBtmPOSQVqdBzO7N5E
Tuerie,https://open.spotify.com/artist/1UILCk5p48n9qaNf1uie0a
DMS,https://open.spotify.com/artist/5uo0xw2Agih4NcDVajOd6e
Frenetik,https://open.spotify.com/artist/71XOKoFKWFjlV91e2Z5r21
Nono La Grinta,https://open.spotify.com/artist/4P2HohWBtvSxxwabNDdYXN
Yuri Online,https://open.spotify.com/artist/6X87X3dp4pzPM6B3ZmkA3v
N3MS,https://open.spotify.com/artist/0bKdSFonchjcyDrS1HNy6J
2zer,https://open.spotify.com/artist/7Iw6TwPkS7bja1OrA3Neal
Guts,https://open.spotify.com/artist/5mMkUZv8uUrlH0SHX89BeS
3robi,https://open.spotify.com/artist/51MxI9mWmRMPLK9eNlyQ7o
OBOY,https://open.spotify.com/artist/66Ok6bgC570sHkw08N20pZ
Younès,https://open.spotify.com/artist/4lPlmTrlagq0nBzGNXHYpu
Zaky,https://open.spotify.com/artist/4G8QKRFlsK7nXngsOK1MIo
Elh Kmer,https://open.spotify.com/artist/6DTpmzMa0Gz93kRKUo4JfQ
Blaiz Fayah,https://open.spotify.com/artist/2WyypmYjOdaXg0bXDP67j7
Ghost Killer Track,https://open.spotify.com/artist/37S0GFsBW73uqxGXNFeADJ
Beeby,https://open.spotify.com/artist/0dbSMR7FjTxrmClPei3FPk
JOYCA,https://open.spotify.com/artist/5AqhBC5pt6b0WVpUAII1Ro
UZI,https://open.spotify.com/artist/5U05AU34EcZ8pfohg2dicI
Kodes,https://open.spotify.com/artist/3fnfvu19t4JYyEkRldXsO5
LAZER DIM 700,https://open.spotify.com/artist/3CE6MgsLpKMDfYFtexgc8U
Babsy,https://open.spotify.com/artist/6lZtR7OsMOiWt7r59r217Z
Chanje,https://open.spotify.com/artist/5BZQ1LKKtw3uu6NIJdlU4Y
VEUST,https://open.spotify.com/artist/58gEwrkV31Abu5PQvSPgh2
Flashboy,https://open.spotify.com/artist/03Oovf9o3NobJBUL576bji
Drkside,https://open.spotify.com/artist/2IcmTdEXnr7qG2XPGm7XAA
Nostra,https://open.spotify.com/artist/27XSikoGXnWUEJ6tjM0bBJ
ZEROBADDAYS,https://open.spotify.com/artist/4c3EE1I4KuS4tmWuzzgYDC
KIK,https://open.spotify.com/artist/3U0pUvFUMv6gJiTFnXiueY
Ismaël Lô,https://open.spotify.com/artist/4EBRPnSYtrfmwptEMOSCV8
Bakari,https://open.spotify.com/artist/6ENue1D9ypy32vI8BWQx33
Chapo,https://open.spotify.com/artist/1QlX6aYqIXWIG9mGSE405d
Black Eyed Peas,https://open.spotify.com/artist/1yxSLGMDHlW21z4YXirZDS
Gipsy Kings,https://open.spotify.com/artist/3jc496ljiyrS3ECrD7QiqL
Quinze,https://open.spotify.com/artist/5BGixIaLzGy47FA8Ul3Dv2
Lombre,https://open.spotify.com/artist/4Flv3BcAhIqnIEilyNntFr
Klem Schen,https://open.spotify.com/artist/2h5IzYxNFBtXa3PsnV370c
Lifelike,https://open.spotify.com/artist/3sa5sqxJqYjDZhGxmo4Ko5
MSK,https://open.spotify.com/artist/119YXemgtqAg3cboaZtvCR
Tiitof,https://open.spotify.com/artist/0lCzbSVa8RZoPsuDM9YBJS
Jey Khemeya,https://open.spotify.com/artist/381IiK5uvxXc3NzB61WgCL
Karmen,https://open.spotify.com/artist/1EIQvc0qBhTAnZAcf5REtq
Souffrance,https://open.spotify.com/artist/1uzx1lyRA2RIZlVSxOfBAi
LMB,https://open.spotify.com/artist/3EwKGrg1Y5dAF8frDO6mLS
Noham,https://open.spotify.com/artist/1Q2NPkF71W70gFJmbdfZsm
$enar,https://open.spotify.com/artist/4aG6mP1P80gOIpELCWePG5
$tonehead,https://open.spotify.com/artist/4zprIhPMCL88t5U6zEtscp
102 Gang,https://open.spotify.com/artist/0It4uJxJGBrsMcUmMoI4Kt
113,https://open.spotify.com/artist/5nTMNNNwQMoCYgzUXdUaB6
14Mirage,https://open.spotify.com/artist/2AoBCHLF1OPaptbu3pyAne
1863,https://open.spotify.com/artist/0glTknFjdHbcQ96GgYFC7U
1995,https://open.spotify.com/artist/4CH2uNha7qT33gsr1y60Ca
22COZZ,https://open.spotify.com/artist/7rkkXErs1vErN2hi8sCKRq
2C,https://open.spotify.com/artist/1pNuQ63a4zGWyGquIi9mqW
3.25,https://open.spotify.com/artist/41KhlIJVdPUFHShOeGE3iM
528ron,https://open.spotify.com/artist/1p1LAq94hhQuJKCIzLrHsN
626sosam,https://open.spotify.com/artist/5U8AAYUOukvSFPJbs6coe4
63KLUF,https://open.spotify.com/artist/7xGuMt9pie2FtwwcauiUKj
63OG,https://open.spotify.com/artist/1wRx48q25O8HPDTyNOUQ2k
667,https://open.spotify.com/artist/4FjcWWBsbgD3TAEf2jQuVv
77 degrés,https://open.spotify.com/artist/4OkNhj7zVwnB3p57DR2SVN
7rpent,https://open.spotify.com/artist/2m3EV5D0sNkQt5ehE1JLfM
91 All Stars,https://open.spotify.com/artist/2NXFKDjgSuIyiUUH2PEVHG
99GINGER,https://open.spotify.com/artist/0mCON8eh0dZzilPOoisgh8
99rocky,https://open.spotify.com/artist/7jKayjFHDBdC7Vsy2lxGcn
A$AP Rocky,https://open.spotify.com/artist/13ubrt8QOOCPljQ2FL1Kca
ABSOLEM,https://open.spotify.com/artist/4jELC7j0cRWJVQ8QkpDcvU
ADAR,https://open.spotify.com/artist/7HzbxLB9aeRAWV7IuAljKX
AKISSI,https://open.spotify.com/artist/7HmUx8UMfeye4x3IDYF3D0
ALiVe,https://open.spotify.com/artist/3N6aQSxLaeH8NuGxMyMfSR
AMK,https://open.spotify.com/artist/1AFQg3CpeciNbd120XZDmi
ARTR,https://open.spotify.com/artist/1KH2vOwMWmTGgLJec8aLzQ
Advm,https://open.spotify.com/artist/6BSFL5j2A7WVhwPGAuLEQV
Afro S,https://open.spotify.com/artist/0rBAjYzMBBP3u4LZLc1qwF
Akbal,https://open.spotify.com/artist/0OYFs6SYCmbXpicLRfqAKu
Akhenaton,https://open.spotify.com/artist/4ddg7PH5OuSossiSBWgueu
Alexander Brettin,https://open.spotify.com/artist/0VMO6LSExFeqYrtcR8VAre
Alkakris,https://open.spotify.com/artist/2fdvzMmXCCIWzNkoY4T8Qm
Alpha 5.20,https://open.spotify.com/artist/4NKumVnSozo1F50Wji9ddY
Alumonyl,https://open.spotify.com/artist/3TQZA56uMe3WCJRaBlaEkR
Ambezza,https://open.spotify.com/artist/0dxnJDQ9SAa885PZB2sJrC
Andrike$ Black,https://open.spotify.com/artist/4LzrWIdOHBcCsuXyejs4eN
Angelff,https://open.spotify.com/artist/22JuC4nLXbv3OVTL25Xhi1
Anna of the North,https://open.spotify.com/artist/1mSJCvDX0W7Dn7S9C6vmvI
Apparat,https://open.spotify.com/artist/40Ojab0UtVQFjA76qXr8Ot
Arabesk,https://open.spotify.com/artist/6HD0FOkm8ajX8ICFUel9pe
Araujo,https://open.spotify.com/artist/6fiGkVkamTXnIymlLQcByP
Arso911,https://open.spotify.com/artist/2qvmRNV5NTShJKvi4gAZft
Arturo Sandoval,https://open.spotify.com/artist/0MGQZNEMaEICyku3cSDrnJ
Ashbeck,https://open.spotify.com/artist/6W2nR7dEexKxsrLc4C4Xb9
Assya,https://open.spotify.com/artist/2PmKgi1gfXhaFnXObcTEW3
Ateyaba Archive,https://open.spotify.com/artist/0ICN0A0XKZ3WGLbF06ojBo
B.B. Jacques,https://open.spotify.com/artist/3Op4g1wmQJxGTmeFSQ8z52
BAMBi,https://open.spotify.com/artist/0AmsS5idobHKGeTxLEErZq
BENNY,https://open.spotify.com/artist/1Zjm08sDLZpIN2d7ds61JE
BIRT,https://open.spotify.com/artist/5C7SFOQRB2RQ3Pb5hdhP28
BKRBABYBOY,https://open.spotify.com/artist/4n9KyoZUUZgkQAoVxSOgZZ
BLISS,https://open.spotify.com/artist/2O0x33KS0Leyc8vJivQfuU
BOYKLS,https://open.spotify.com/artist/6C5szl2pHLgFY1bdnxpgjj
BRD Teengr,https://open.spotify.com/artist/6r6HEoTn0A3C2rYlbWghM5
BUCK$,https://open.spotify.com/artist/4CnmiZMyJ2fhifOIhe6uRv
Baaba Maal,https://open.spotify.com/artist/49z6oAiD2RpyUf5yLJs7Nf
Baby Neelou,https://open.spotify.com/artist/5bpO0XTVIGNUnClzfHHQUz
Bazbaz,https://open.spotify.com/artist/4ijFABgyX2ULYjcr0tSYZ3
Beamer,https://open.spotify.com/artist/2EOkrbSLspAmnLDvqtgJlj
Beeperboi,https://open.spotify.com/artist/6QJWVND5iC30VxiGHVFeZn
Benjamin Epps,https://open.spotify.com/artist/2quhaEEtVvUNS0HwL1EJNn
Benjamin Vndredi,https://open.spotify.com/artist/4Lqa4chpEzzF0CRPlUit7w
Blaq Diamond,https://open.spotify.com/artist/7hdf9DSpgCpqVh03Ql1LKe
Black Jack OBS,https://open.spotify.com/artist/2I1RlqUoxGwDGGe5WuyCPQ
Bloop-hä,https://open.spotify.com/artist/7yKjR5Kg0wzjp0IzKbXiyC
Booska-P,https://open.spotify.com/artist/49mOLAzenRv6kDrr4Akajh
Boumidjal X,https://open.spotify.com/artist/3i2AdhSP4YeSYY1m5JoUnK
Georges Brassens,https://open.spotify.com/artist/5UWyW1PcEM8coxeqg3RIHr
Breezy January,https://open.spotify.com/artist/0TQpqpsXAFm3ZunnSjrYKe
Bricksy & 3g,https://open.spotify.com/artist/43y4CGNp5oOXqIn2FToObQ
Broky Dollaz,https://open.spotify.com/artist/0vpcDjlhwR4GIlfBcm4RTk
Brulux,https://open.spotify.com/artist/1LYOKaB67uPrzpNMIk10k9
Bvker,https://open.spotify.com/artist/1iP0RXEDx1K5Chi63aYXzx
Didi B,https://open.spotify.com/artist/2FwWGogJ04HZdALWeMxZA4
C.Cole,https://open.spotify.com/artist/3QffuySdqggrZIzCxqcU2S
CHAVI,https://open.spotify.com/artist/2Dl7S0daCFQyc2Nyr47Ko3
COLORS,https://open.spotify.com/artist/3FvwVFWRyvxmLyVBO9nBmM
CRC,https://open.spotify.com/artist/4ApeyCwNBX4vuqUNp0R9Z6
Camille Lellouche,https://open.spotify.com/artist/6os4KQUfJoyJwjZ7y7Ec6Q
Carbonne,https://open.spotify.com/artist/2t0frJEIdex2PTwuLlGxDD
Cash Cobain,https://open.spotify.com/artist/2R0CFyeMDiRbfkhkIMbyl1
Cassius,https://open.spotify.com/artist/4sf3QZW8a3xZ14IGsOAzoy
Central Cee,https://open.spotify.com/artist/5H4yInM5zmHqpKIoMNAx4r
Cesária Evora,https://open.spotify.com/artist/0Nks3cFWU2a7rooAlFQYgn
Chakal,https://open.spotify.com/artist/1OnuDLR26trnDoJyzcDZ4R
Charles Aznavour,https://open.spotify.com/artist/2hgP9Ap2tc10R5jrQaEpMT
Cheval Blanc,https://open.spotify.com/artist/7rvTIW2UaciUSahzv0FXCX
Chily,https://open.spotify.com/artist/0mnNM5o7vtxo3ivC7Tmoah
Chow-Chow,https://open.spotify.com/artist/5kJC4TjKpXS2MAtd8ou4dX
Cinco,https://open.spotify.com/artist/3S8r9fkqybCCXJLhZGA3r1
Coelho,https://open.spotify.com/artist/45EiqrrOPCklyjQWF3Z6pR
Connexion,https://open.spotify.com/artist/4muflzUhyiZwUt51ktjoC9
Costa,https://open.spotify.com/artist/4wMo1eZWwlJeWoBtIqZYXX
DAVINHOR,https://open.spotify.com/artist/3viiIGEp9jn0sKz4K0D6HT
DJ Teks,https://open.spotify.com/artist/7JGEJrkKqt9ZML4fCVDgLR
DJ Wall,https://open.spotify.com/artist/1ClLC1koMr3N86D3gnXPdw
DOC OVG,https://open.spotify.com/artist/5bxWGiXLo6q4BHr8vTngK5
DROSAN,https://open.spotify.com/artist/2rNZwX7ChbnnFChF96iIiB
DVM,https://open.spotify.com/artist/6Tzkt668w24f7uHLTiq6tr
Dadi Cali,https://open.spotify.com/artist/6XpiL4AQ8KycyINgVyZhub
Daej Phantom,https://open.spotify.com/artist/6EXCyMKT13Edxq6hZJ6Jbf
Daft Punk,https://open.spotify.com/artist/4tZwfgrHOc3mvqYlEYSvVi
Dalynn,https://open.spotify.com/artist/07eUoPKm5gVxkpm56eFNdj
Dana and Alden,https://open.spotify.com/artist/6xKRT9Uw0XOxNsmWX2vNBr
Dany Dan,https://open.spotify.com/artist/0JAbmlSLQqD6DAw2d8jdvz
Danyl,https://open.spotify.com/artist/5Hq9W3lm1N9KRCf35RBMab
Daara J Family,https://open.spotify.com/artist/4MvdDpI9EsfvDfKrr07H46
Darealright,https://open.spotify.com/artist/0XTWSqMsaWRiSeqgMuyWUQ
Dave,https://open.spotify.com/artist/6Ip8FS7vWT1uKkJSweANQK
Dayarga,https://open.spotify.com/artist/5PcBbqK2yMNnbp7c3hRDuX
Despo Rutti,https://open.spotify.com/artist/31kG0JypoJkfxkNJAzVOEr
Diabi,https://open.spotify.com/artist/18iVK5NGvbcjP4jPRZ6mt4
Diam's,https://open.spotify.com/artist/6379rD5bSEwInazkKhZ9DM
Digitalism,https://open.spotify.com/artist/2fBURuq7FrlH6z5F92mpOl
Dinaa,https://open.spotify.com/artist/0shR2PS00avJ6Wp3npUBwS
Disiz,https://open.spotify.com/artist/7rz6ZZErn5YFDteXKhyf3g
Dj Weedim,https://open.spotify.com/artist/1k0mwo8CyFp0ZlAGcu4LA7
Django,https://open.spotify.com/artist/5gU8eqolA1bziWv6e3Wjp3
Dosseh,https://open.spotify.com/artist/3b5bg1k6N9u31OtzSfK2dP
Double Diamond,https://open.spotify.com/artist/0vmSm9juXYAKAPyeuGaZzW
Doums,https://open.spotify.com/artist/4yLgYK2B5nZjZMBiaLyLyK
Durt,https://open.spotify.com/artist/2RwQGBYBBaA1RKJomba7Ed
Dwen,https://open.spotify.com/artist/4ogDdHyl2UvdNgklemCv0H
ELIESG,https://open.spotify.com/artist/3d9RzVPHuIhQ6UMJS2qI1B
ENOCK,https://open.spotify.com/artist/3Pkr94wNoT4GwoTT4UK8D9
EXOSLAYER,https://open.spotify.com/artist/63tUhBhAdgdZiS9kJVU9iW
East Duo,https://open.spotify.com/artist/42v0kfdXXwjA3cLRr4DTyY
Eden Foxx,https://open.spotify.com/artist/7w6Ect02PYWCDGW1pXRuIE
ElGrandeToto,https://open.spotify.com/artist/4BFLElxtBEdsdwGA1kHTsx
Ele A,https://open.spotify.com/artist/2p8QkcgkfvIcUTpudqcqRM
Elle en été,https://open.spotify.com/artist/3clftljp65DnlVlGRRneEW
Elliot James Reay,https://open.spotify.com/artist/2PI9HrzzMTN7E5poWl4QX5
Eloquence,https://open.spotify.com/artist/685Gc0hObCotgZ7K8bE05K
Elyon,https://open.spotify.com/artist/3VY8rqAcd0Aj6eAJyvmbON
Enima,https://open.spotify.com/artist/47cHAE0NFwzGOlc3L4oszT
Epektase,https://open.spotify.com/artist/31jYTsfmnHqcK7ahdqlqmo
Eskondo,https://open.spotify.com/artist/5ayJ01l4b8oXxC4gas7aIV
Esso Luxueux,https://open.spotify.com/artist/3HB9D7hdRBWUUnHWltSHlr
Estelle,https://open.spotify.com/artist/5T0MSzX9RC5NA6gAI6irSn
FATRAS PRODUCTION,https://open.spotify.com/artist/5axdapUVsbVkJVGVjybfQT
FREAKEY!,https://open.spotify.com/artist/4K30jReY7UXKmG1Q93joPY
Fabe,https://open.spotify.com/artist/5Jh4UFOCWwleD3kcd88xyh
Fahar,https://open.spotify.com/artist/4hpTPFhq6Ok3wGhFqa7pGy
Faly!,https://open.spotify.com/artist/0UzZW0BQ0QLjMg4uY2SxLM
Favé,https://open.spotify.com/artist/20JMfmzDb5cjHxEoMXXMyY
Fencyy,https://open.spotify.com/artist/4YjYNFa9MFvUthyS1uC5Jw
Len,https://open.spotify.com/artist/2siXaXrok89Fp1PZI7sn0s
Flynt,https://open.spotify.com/artist/1z0j1VhCO5qUbM6vxmEMDB
Folie's,https://open.spotify.com/artist/0pyhWJCYRgIoXusQQuMO4c
France Gall,https://open.spotify.com/artist/22HVxZPA6UhBp8wahxDA6I
Frank Ocean,https://open.spotify.com/artist/2h93pZq0e7k5yf4dywlkpM
Free-B,https://open.spotify.com/artist/59smr0LT44HccJ5cgqGaGZ
Frenezy,https://open.spotify.com/artist/4nBYOpiaxd6gnFOkqd5JSL
Family and Friends,https://open.spotify.com/artist/2AmW5LU0vqfHoN2qvghRFe
Furlax,https://open.spotify.com/artist/4bmXnAfcFe859ozMNFpFok
G High DJo,https://open.spotify.com/artist/67kbFQ2PLuI5iE4GKk3EJa
G-Kill,https://open.spotify.com/artist/2H3E75M2o5aedoI2KD0dvd
GAM1,https://open.spotify.com/artist/5RTuNgtJ6rpUzorMWdxg7c
GOTNOTIME,https://open.spotify.com/artist/0UmjcQyuwgXxYZeC47j3l7
Gambino,https://open.spotify.com/artist/5Wf0eeUkR6rRAre6L7H7jW
Gemroz,https://open.spotify.com/artist/1E5qXy5JgiHw4zSB38ZEkV
Genezio,https://open.spotify.com/artist/0PcU18DNfkn3pmbjy5yMFz
Gianni,https://open.spotify.com/artist/3diBRbkbag96ckszQhLElX
Gold€n,https://open.spotify.com/artist/4YGJoGu3CO6rtLtZEN2o1P
Grand Corps Malade,https://open.spotify.com/artist/3PsyPWjsftbfeXGorZv4AM
Green Montana,https://open.spotify.com/artist/0zhMujl1yB8pkB023Qm4Y2
Guizmo,https://open.spotify.com/artist/6sYR8JTRUUUzSD9IydLhfG
Guns N' Roses,https://open.spotify.com/artist/3qm84nBOXUEQ2vnTfUTTFC
Gusa,https://open.spotify.com/artist/5YQ07mhYXufRM2QrquaiJU
Guydelafonsdal,https://open.spotify.com/artist/7iYcFblFcWGHJ3WRZppuLD
HD La Relève,https://open.spotify.com/artist/3EguGZpwO69eFcoNj0vqW4
HIBA,https://open.spotify.com/artist/098i6pLeCCtxPtXvmRmacI
HIER,https://open.spotify.com/artist/0sg1iaXdBm0fKaIka7kZyo
HIM$,https://open.spotify.com/artist/2VYvmMPuZt0YSUjM8yYIe2
HLD,https://open.spotify.com/artist/2tgTUUrbrQd6iuAjW5BQI7
Haile Supreme,https://open.spotify.com/artist/4pZU0qHXvstRiBnhhRpY2R
HappyMoli,https://open.spotify.com/artist/0qxhe70BuACveHoPInKFUh
Harold López-Nussa,https://open.spotify.com/artist/0Idg159PTZKon9ZGAeCLjR
Helio$,https://open.spotify.com/artist/06EY8i8GiDAQ9NJscfZN2i
Hindi Zahra,https://open.spotify.com/artist/6QncudMSOiKxYRIKRDks6S
Hocus Pocus,https://open.spotify.com/artist/1D5DI6S5zIiGPBf1IAuAJh
Hofmann,https://open.spotify.com/artist/4dHYnkZpHvtz8I9oXZWQue
Holly Evans,https://open.spotify.com/artist/3nNKlkRtrQrACnnVv9MNXz
Hologram Lo',https://open.spotify.com/artist/0YjLBTzWfiNLqIseRzCa5e
Hopital,https://open.spotify.com/artist/6qbmlh4PmXyY4Tzi2QcGKn
HoussBad,https://open.spotify.com/artist/3Bq4yBJeMX2uoNvUjBKJGf
Huitballe,https://open.spotify.com/artist/5LmxclgzuinbuGj9yU7Kyy
Huntrill,https://open.spotify.com/artist/1Nm9adUt6D5iuhRgirlgF2
Hydro4k,https://open.spotify.com/artist/3JXT88zBTpEukxlyZyCXZ5
ICO,https://open.spotify.com/artist/5VkemxUDiz46ZHPdvh0LX0
IDHEM,https://open.spotify.com/artist/0ev3YqTtoPa2dtCEG2HNDa
Ibepds,https://open.spotify.com/artist/6mIfJvCK5jtTmX2ftY3lnw
Ibrahim Maalouf,https://open.spotify.com/artist/0NSO0g40h9CTj13hKPskeb
Ici C'est La Street,https://open.spotify.com/artist/0wzjHw4Xc9wggZauqoTKhN
Ikaz Boi,https://open.spotify.com/artist/1h0vYLWMAElSWYCjm6RBpe
Ike Ortiz,https://open.spotify.com/artist/6CzEqMZy8672tncGY4x22q
Implaccable,https://open.spotify.com/artist/3C8QCxiwXngZyoIKvJ56OJ
Inso Le Véritable,https://open.spotify.com/artist/05IsLgQufqq7O7NtDKN3x6
Irko,https://open.spotify.com/artist/1k3wEcN3sMER0wIYqAn6as
Izar,https://open.spotify.com/artist/3MEptNg4WUwP2qchDpbO7i
Izen,https://open.spotify.com/artist/6uAatgElxxqlfK4gi3cGZQ
Izïa,https://open.spotify.com/artist/6T08mUIMB32dtqq5ryxQZ3
J.C.R,https://open.spotify.com/artist/110BUnbKiuYdH4ZgUb9cGZ
JACK MARLOW,https://open.spotify.com/artist/5qIDbjJ9VyV3eogXzEA6H3
JETSYKO,https://open.spotify.com/artist/0wJGkQCRCs6DkgfnxSlKmO
JKJMETASCO,https://open.spotify.com/artist/4dg1VUhwkt6hBfV0D5VKGd
JKSN,https://open.spotify.com/artist/7IHsnK4J6QJQTjFNAxwERE
JRK 19,https://open.spotify.com/artist/081t7kkrq7re69pk4vTurz
Jack Furaxx,https://open.spotify.com/artist/1eVsINuvwHILVpYQTOESJc
Jaden,https://open.spotify.com/artist/0xOeVMOz2fVg5BJY3N6akT
Jaymee,https://open.spotify.com/artist/78i5YadY0dgB2Fdb9tZp6s
Jaywill,https://open.spotify.com/artist/1indaFLiyrRE7xx3wjmdIS
Jazzy Bazz,https://open.spotify.com/artist/0cMsSWXCY2Wag16luxN6fL
Jeez Suave,https://open.spotify.com/artist/7aApSzHbritAFVbXvoGx6P
Jeshi,https://open.spotify.com/artist/0q8eApZJs5WDBxayY9769C
Jeune LC,https://open.spotify.com/artist/4awhMsXo3JF58taQJn8BWi
Jeune Loup,https://open.spotify.com/artist/6Mi73JugAPIs069hJzI0rI
Jewel Usain,https://open.spotify.com/artist/24lRU7Y7ZWpVa3v23FZqS6
Julian Casablancas,https://open.spotify.com/artist/1rAv1GhTQ2rmG94p9lU3rB
K.S.A,https://open.spotify.com/artist/0g5iQz7W3rnBbGOdW8ZnNH
KABBSKY,https://open.spotify.com/artist/7BBPfCpPMA1WzpEYUXp65i
Kaki Santana,https://open.spotify.com/artist/0Vkl3i0zR0rly81mFVN0WY
Kali Uchis,https://open.spotify.com/artist/1U1el3k54VvEUzo3ybLPlM
Kasper 939,https://open.spotify.com/artist/6wUGiWb7FR3Cv39sELlp1U
Keeqaid,https://open.spotify.com/artist/7oqEDe1XrV6BFP26onyUMo
Keman,https://open.spotify.com/artist/4UbneveSv0XBdb3GSVhLy7
Ken Carson,https://open.spotify.com/artist/3gBZUcNeVumkeeJ19CY2sX
Keuchei,https://open.spotify.com/artist/3xNTd2WI8RhL0E3ep7Pl0y
Key Guapo,https://open.spotify.com/artist/0IsTsYViXBaBPXv6cxyrV5
Kinvi,https://open.spotify.com/artist/4SgfjYgvMPkLFDuHfm1yzo
Knotty,https://open.spotify.com/artist/46jtOpbvkQ022ZouODft13
Knucks,https://open.spotify.com/artist/6W4vm8P3JFQboO4cvHeqaa
Koma,https://open.spotify.com/artist/0BuXzFwwPc1PM75vVC8K8u
Konga,https://open.spotify.com/artist/573U5Zn11u3j2YuhEGM7WQ
Kooking,https://open.spotify.com/artist/7rLc4atM9xcjhBpACb0aIS
Kore,https://open.spotify.com/artist/78Die3Gb8yaElTmGCa7m7N
Kosa,https://open.spotify.com/artist/2DR7MOGAwxMZUA7U4N5X6t
Kosei,https://open.spotify.com/artist/5Bg2PFMIG6oqToVIATnZsd
Kplevrai,https://open.spotify.com/artist/4QDM8iS4hlDdYldMjg2dKt
Krisy,https://open.spotify.com/artist/6RwBaA9wZC0BPWZfmGeWMo
KronoMuzik,https://open.spotify.com/artist/7B53Suqn5TsVu6S6gIgqeA
Kurdy,https://open.spotify.com/artist/60rqNmko6nihw2vTw4AuUK
Kyana,https://open.spotify.com/artist/1xOGqfYHZ2N0C06PzHE1dx
Kyo Itachi,https://open.spotify.com/artist/5PRPuZbf1ia2JcLdxBxtXB
L'Algérino,https://open.spotify.com/artist/7kyIBL1EYouLqC8vw7IOui
L'Apache,https://open.spotify.com/artist/1zqxorYFiXYpbUue519plk
L'Don,https://open.spotify.com/artist/6ZqEUF2a5B9IAanKSwBblZ
L'Skadrille,https://open.spotify.com/artist/12fU2Tyt3TEQn0bjNS0kzC
LETS GO,https://open.spotify.com/artist/0slvOa2y1TVxMkb7H1iasz
LILCHICK,https://open.spotify.com/artist/2YpDC3A8brQFHzfYbo0og8
LUCASV,https://open.spotify.com/artist/4wuJEvClymsGVYXCP00JZB
LV la prudence,https://open.spotify.com/artist/4N5nvkbaKB2cuKFypIMctw
LZee,https://open.spotify.com/artist/3HnjTikMlwQmZt88pd5ONe
La F,https://open.spotify.com/artist/2dpE5iOVyp0bLTb7a15gkG
La Fouine,https://open.spotify.com/artist/6QS84S3i4gwdEKqWoTtDLd
La Loge Noire,https://open.spotify.com/artist/0E2j5p0NByLUQFrKzI4q6q
La Mano 1.9,https://open.spotify.com/artist/78iJ2FMbYAFY3djO4PbWZi
Labsan,https://open.spotify.com/artist/05A2OYv54xM1FwiHGbspIE
Lafleyne,https://open.spotify.com/artist/2HtWjfmbuI9kqQqMfLkfvh
Lako,https://open.spotify.com/artist/5lYSIfrG4WRAaLNME9Xx7P
Lala &ce,https://open.spotify.com/artist/1AKP8Tnz8KfOdRM4mqvNtF
Latop,https://open.spotify.com/artist/2Le5krQdKYGiP5xUQnIHKN
LauCarré,https://open.spotify.com/artist/0NuAhoKXhbTZEQwKzvVYRm
Le Blaze,https://open.spotify.com/artist/5CmgxYyi7AsfbF67JrAoci
Le Dé,https://open.spotify.com/artist/2UZBLsGKZZnYDb37cDM13m
Le Lij,https://open.spotify.com/artist/3bTDck8XQ21JMjigiRI72U
Le Rat Luciano,https://open.spotify.com/artist/5QuZ9HdvnXcX8kEG782Phv
Le Règlement,https://open.spotify.com/artist/4fshEJAfGrhkxuTamxEImN
Le Seize,https://open.spotify.com/artist/616A0Mz0KzurMra1GfDJvu
Le célèbre Bauza,https://open.spotify.com/artist/6f3a8m9Qnro0qpl2H8GZ23
Legendes Industries,https://open.spotify.com/artist/0DJutzzjro4AISmIYnzQKZ
Lekmance,https://open.spotify.com/artist/0VUlCUTrNgEIhvrjRZvAr7
Lenz,https://open.spotify.com/artist/26onRQhni2DBtLIuekeCJG
Leov,https://open.spotify.com/artist/7dbaoeWdd53jipwJhAFwGI
Les Corbeaux,https://open.spotify.com/artist/2qAUlPyuSYOqElEhIAXXNr
Lil Wayne,https://open.spotify.com/artist/55Aa2cqylxrFIXC767Z865
Nirvana,https://open.spotify.com/artist/6olE6TJLqED3rqDCT0FyPh
Loota,https://open.spotify.com/artist/2i98we4ZId0tp9xtg2Vte7
Lorenzo,https://open.spotify.com/artist/62zLrboqOTPyozwi721CVy
Loto,https://open.spotify.com/artist/2SgQ3HIpx7NPgpNhxcPGfX
Lotter,https://open.spotify.com/artist/4b8myDDjO0lGXzIL0VF7YD
Lovarran,https://open.spotify.com/artist/4N68uxySPMlYAdpoN6PHFL
Loveni,https://open.spotify.com/artist/3FX25sj0KYV6VNFlMDRZxo
Lowtso,https://open.spotify.com/artist/5CvFQCus457oKrsZHMmPqO
Luciano,https://open.spotify.com/artist/3CJKkU0XuElRT1z8rEtIYg
Luzyqv,https://open.spotify.com/artist/3GYNJkUcMPkHNBDwZZh1Yb
Lyele,https://open.spotify.com/artist/4hOpRwVRcT9kvwvlfhXek1
Léon Phal,https://open.spotify.com/artist/1AKiAMwxnF2f1zBlSGDfXC
M'Way,https://open.spotify.com/artist/4a9smiC3FdklrSyh5akDHP
M4TIC,https://open.spotify.com/artist/3gilNMaElbDICdOS9NP9od
MC Solaar,https://open.spotify.com/artist/3nU8TSIICYDbUqRpJISTRE
Mac Miller,https://open.spotify.com/artist/4LLpKhyESsyAXpc4laK94U
Madzo,https://open.spotify.com/artist/5O9jhTlVLHfKxPT21EcibV
Magik Malik,https://open.spotify.com/artist/4yfmXroNBkJgMfT1ZkbfBw
Mahdiyunglegend,https://open.spotify.com/artist/0fw3xRJoC4VUbZfMrDn9p1
Malo,https://open.spotify.com/artist/4W5otCQN3EHzq5EHlU1LS4
Malter,https://open.spotify.com/artist/3FDn3vsowXE4E7NNQn4fqq
ManMan Savage,https://open.spotify.com/artist/5lwGLTTHEe9o4eUmiS8M5l
Mandyspie,https://open.spotify.com/artist/1EKlBG4TgOac9aboMbphiM
Mani Deïz,https://open.spotify.com/artist/0IKPfKkoKDbdQTKX0LCFZB
Mano Leyra,https://open.spotify.com/artist/0BdtbbgbvSDE7pAdQUQ3G1
Marisa Monte,https://open.spotify.com/artist/0rSTXALHu0EKAawPLBdODH
Martin Gal,https://open.spotify.com/artist/07fDecYuCwczS0zr5RCHje
MathJoestar,https://open.spotify.com/artist/4hEhxnNSCBDyh3Ji6Vck7c
Mattyeux,https://open.spotify.com/artist/3bFokK6zCab3bPwSjktEVF
MAYOT,https://open.spotify.com/artist/3KtiWEUyKC5lgHedcN6y6C
Meek Mill,https://open.spotify.com/artist/20sxb77xiYeusSH8cVdatc
Meel B,https://open.spotify.com/artist/3WERUo1M9Vgnk6e9rAPmaX
Mens,https://open.spotify.com/artist/4zCF45oM5OjOLlci6FR26R
Meso,https://open.spotify.com/artist/1kzEYFZIfAGutUXt9XBIhE
Mezzo Millo,https://open.spotify.com/artist/0ZHsburFQUfoVjcWMP8rJ8
Mig,https://open.spotify.com/artist/3mKyKC4BjNrNJSSBSrNy0a
Mike Shabb,https://open.spotify.com/artist/6neEhK0FxJha78nD9giAjW
Milanezie,https://open.spotify.com/artist/57Vnyr1p5Nc9acWArBKVqm
Moby,https://open.spotify.com/artist/3OsRAKCvk37zwYcnzRf5XF
Modjo,https://open.spotify.com/artist/0AkpPlFLnr0VQwZQeMGht0
Moha MMZ,https://open.spotify.com/artist/13fQpdj4xMKM4gbQUcB00T
Mokless,https://open.spotify.com/artist/33T5kdoVSK7Vg5DXquJluL
Mola,https://open.spotify.com/artist/2i9Epm0DZYGrXPOJbLpTbR
Monsieur Nov,https://open.spotify.com/artist/6dCubgboW2yqxg5cnveToX
Monzo!,https://open.spotify.com/artist/3TEuxSjKu6jSSVxB2uroC6
MrSkidaddles,https://open.spotify.com/artist/1XivKyafkhvcEaGzjS3vH7
Mystik,https://open.spotify.com/artist/5x8YMWd2tIBdDzuIJM6WFi
NDO Runway,https://open.spotify.com/artist/4yuJlqS79CdiFcaltvwsNo
NFL SHARIF,https://open.spotify.com/artist/7JqwQm4lZdJL2SWDsAqWdk
NOUVEL ART,https://open.spotify.com/artist/13ID9kbWpkBls7p1Hfk7fP
NATHAN,https://open.spotify.com/artist/3hp2apilKCFSad2nh0I50s
Nakk Mendosa,https://open.spotify.com/artist/7MDXSvabwm6zL7mUXKqH6L
Nectar.S,https://open.spotify.com/artist/0pbpMLS7d4J8Lx06S8zrVE
Nejeu,https://open.spotify.com/artist/5hi7JDbL1YJwdYk7bNcwVn
Nelio,https://open.spotify.com/artist/5OOgtXmwHY3xQWBWS9vREr
Nemir,https://open.spotify.com/artist/5f6nz3iqzrfiUfKOIKvLvd
Nemzzz,https://open.spotify.com/artist/3DHtfeD4PsmR9YGhCP4VF7
Neshga,https://open.spotify.com/artist/3Qxbz6nIBgl2H847IiAJjv
Niels Schack,https://open.spotify.com/artist/3OKemcnj5vE83dE29cd7Ma
Niska,https://open.spotify.com/artist/7CUFPNi1TU8RowpnFRSsZV
NoSnow,https://open.spotify.com/artist/27dfsOuMYOo8FEC5bFVT2v
Noland,https://open.spotify.com/artist/0qSamRDTdq7qo0Pp6GL1At
Norsacce Berlusconi,https://open.spotify.com/artist/6SWyMvHN1YLZ95qwbKf26N
Nucky Thompson,https://open.spotify.com/artist/6PNNGvHWulMgLvUq3U59fk
Nunca,https://open.spotify.com/artist/45ADpqV4NtgMeEHmcUgAk5
Nuttea,https://open.spotify.com/artist/65LSKdbofg1NdWkaLSVXKc
Nyluu,https://open.spotify.com/artist/0RDKiv2rTuBSu9ZGrYLycl
Nymes,https://open.spotify.com/artist/2zXCOz9oviPfIsPcvtKP7m
OG L'enf,https://open.spotify.com/artist/0delTxa0FQdrQISLkOqwcf
Obia le Chef,https://open.spotify.com/artist/2gHIHPqWAWEDnmT2qSTEK3
Obongjayar,https://open.spotify.com/artist/6l7R1jntPahGxwJt7Tky8h
Obskür,https://open.spotify.com/artist/29MTNlaVntQaQiDyj8KGwx
Odbussy,https://open.spotify.com/artist/2xPMIDqP9GKe4IqPm1TFpc
OgLounis,https://open.spotify.com/artist/5N3T76ulv2sqhDBZFpyW9C
Oldpee,https://open.spotify.com/artist/6IxN9Jvo31OWIvYHJAeZlJ
Olivia Rodrigo,https://open.spotify.com/artist/1McMsnEElThX1knmY4oliG
Olympe,https://open.spotify.com/artist/0BwXkr7FklFfuIXGD6wEy7
On'lee,https://open.spotify.com/artist/0Nun6piFX7YPg59h85z0Or
Or Noir,https://open.spotify.com/artist/3Yj8U7uaUERbJmdp9OPmV1
Ousbel,https://open.spotify.com/artist/6GVfxh9G9xPd8Q5ACM3vS4
PHLP,https://open.spotify.com/artist/14UW64obRS8GNXHzbRK9DL
PLT Fam,https://open.spotify.com/artist/4aX3ASH8eScTR2y6NqkeN7
PRINC€,https://open.spotify.com/artist/42eXaZ8DcymFXerFjEEcmj
PUSH & GIO,https://open.spotify.com/artist/1dsDes6AhaezAMdHIEQbAr
Pandrezz,https://open.spotify.com/artist/65ZGdYSRT3Rmv6P7DN4XCC
Peet,https://open.spotify.com/artist/7u4o1K3Qui9DmeWqSMsa6l
Pense,https://open.spotify.com/artist/34Xvmw2EHgU4a91MUGWOoe
Peso20k,https://open.spotify.com/artist/0TYsXW5Rj8ymOGy5ClzgOk
Peter Cincotti,https://open.spotify.com/artist/1PjKnsWzJra4dV8OXiNC5F
Pharrell Williams,https://open.spotify.com/artist/2RdwBSPQiwcmiDo9kixcl8
Pit Baccardi,https://open.spotify.com/artist/5Gf71JW8QjF77ELQ94JX38
Planaway,https://open.spotify.com/artist/7qgfKOQjCErfPvAFlBg6aJ
Pomme,https://open.spotify.com/artist/6e3pZKXUxrPfnUPJ960Hd9
Ponko,https://open.spotify.com/artist/2xzGVKiyGIsI4NomojrK39
Prestage,https://open.spotify.com/artist/3BExsqK31V3qQAhAN2OVt8
Primero,https://open.spotify.com/artist/1badJ5qBBvLuJ6qRqkRtR7
Prinzly,https://open.spotify.com/artist/6CecCbMlZKpr8sovW5ucq1
Ptite Soeur,https://open.spotify.com/artist/0lbRlAslcfb1mRFpSlo6dC
Pura Pura,https://open.spotify.com/artist/3MCAFjmV9DblN9ECzKIciU
Purple Place,https://open.spotify.com/artist/1ikKidGzb7gfL4Yvl9jk5H
Quavo,https://open.spotify.com/artist/0VRj0yCOv2FXJNP47XQnx5
R100R,https://open.spotify.com/artist/2G6JGj4AW8Qoll6CK7XTB4
REDVOLUTION,https://open.spotify.com/artist/4hzO4p4VzL72ZFXF0YFYBn
Raplume,https://open.spotify.com/artist/2ci4Or1nFI30YCiRS2YXV8
Realo,https://open.spotify.com/artist/28r47hCvvXgQgEBTydEKXv
Recklessboise,https://open.spotify.com/artist/7jSMVLVHg5LXWyIWF2uDiE
Reckz'Capo,https://open.spotify.com/artist/0mmIDGCcblwYtZgsNPGDlo
Red Hot Chili Peppers,https://open.spotify.com/artist/0L8ExT028jH3ddEcZwqJJ5
Redda,https://open.spotify.com/artist/2iX9KbdYoshOwrGXDVqurh
Regularboy,https://open.spotify.com/artist/0bvsDc1rSi58b3b4TQ8mI1
Remastered,https://open.spotify.com/artist/6uvSVi5xnoa5UyD4E5Ik7r
Retro X,https://open.spotify.com/artist/1nzsygZNqmL6J2CLFcFN46
Rex Orange County,https://open.spotify.com/artist/7pbDxGE6nQSZVfiFdq9lOL
Richie Beats,https://open.spotify.com/artist/2wYp4hDPC6rDgn3SCvgqpB
Ricky Bishop,https://open.spotify.com/artist/1BgUbirVqg7MnHDThNqOil
Rico TK,https://open.spotify.com/artist/1aKkQZquY9KEnLakX2nHZP
Rim'K,https://open.spotify.com/artist/2eh8cEKZk4VeruUrGq748D
Roberto Fonseca,https://open.spotify.com/artist/0Yi6vOMIP1cqp8WppadgOu
Roi Heenok,https://open.spotify.com/artist/1UPSZ2WuhDQc3Y6TBT8bFf
Roméo Elvis,https://open.spotify.com/artist/2pHk4wAmL7ofTAuvCIUWtv
Roni0block,https://open.spotify.com/artist/6JZrCsUM6Ap5jKgQ7rRVsV
Rosaliedu38,https://open.spotify.com/artist/5vkbTElqrLRvkM3SoheTQj
Rosalvo,https://open.spotify.com/artist/6AWsl1xDv2sVXnWjBPgR7q
Rotolini BRD,https://open.spotify.com/artist/6qskUTzExoIBxSHTSdMgYU
S-Crew,https://open.spotify.com/artist/1HhXce8PpMmaKjBIWzAxWc
S-Tee,https://open.spotify.com/artist/59ZuhgVtwjgu1Fr0qXDLLN
S.Pri Noir,https://open.spotify.com/artist/5olcgTzelGdyP1rHRLyWgs
SAKI225,https://open.spotify.com/artist/1alHVgHPo3NvdcCTFw117I
SEYLI,https://open.spotify.com/artist/5u7y7ge4VCqtJHCQ6PsXtE
SIMA,https://open.spotify.com/artist/550CDWX8YWj2ZAvCBiT5Pg
SNIPER,https://open.spotify.com/artist/1nTVNdaDAzXB1AbP30cGk6
SOURISSANSFIL,https://open.spotify.com/artist/0cXGz1iT02RS3UMxeKxBNE
Saamou,https://open.spotify.com/artist/4TuSbcM9N0XoSrJDj06qtg
Sabrina Carpenter,https://open.spotify.com/artist/74KM79TiuVKeVCqs8QtB0B
Sadandsolo,https://open.spotify.com/artist/0JKJ8w8dzJ894jec6ZtAkH
Sadek,https://open.spotify.com/artist/63MCBZRiUdnqRsAOJwijiB
Salif,https://open.spotify.com/artist/43MnKJFpiqBVhI0jnOjZj4
Salif Keita,https://open.spotify.com/artist/0VVnWF3KNaa5O7ESohKhAx
SamRecks,https://open.spotify.com/artist/3hHIZyA3xXTamnwX8zXien
Samir Flynn,https://open.spotify.com/artist/5ET7pyhy0oXfjnGupVAAQy
SANTA,https://open.spotify.com/artist/5Vf6gyVzfo8TnzrPRBg3qo
Sazamyzy,https://open.spotify.com/artist/1gE3E8rfTao6ZuZxaE3DSE
Scred Connexion,https://open.spotify.com/artist/5ZtIEcmzQosu8SDKWgwc86
Seak,https://open.spotify.com/artist/6IStPZau07bHXvHusZjnwV
Seka,https://open.spotify.com/artist/41JtI2gOEGTrhKURPm5AXl
Sely,https://open.spotify.com/artist/4uug4vZIaZYWzviL5Fxk3L
Sentenza,https://open.spotify.com/artist/3ejmSJ1pBPg5V0t6OXPFiR
Shaadi,https://open.spotify.com/artist/2Ep0xCKfNqedxBm7srZFEM
Sherifflazone,https://open.spotify.com/artist/3LkkxNCsK47Af8vXoIVG0L
Shiny,https://open.spotify.com/artist/4MqpHJauonS5C7TL66n0Ll
Shone,https://open.spotify.com/artist/3LRglKUv0v6CqKPgh3eriq
Shreez,https://open.spotify.com/artist/0qNrNX9FKJM0ZJFbcbMlMp
Shurik'n,https://open.spotify.com/artist/1ZjPqYngrwDa5ZqwAPcj5o
Simala,https://open.spotify.com/artist/6Te5VJxRttV0BIb7v0n9Rs
Skefre,https://open.spotify.com/artist/23jImQO2IKgMUgt4eLYF4y
Skuna,https://open.spotify.com/artist/0Su00YAdlLw2Aetn7RZLJj
Slim C,https://open.spotify.com/artist/02e6EH9Ub8bFdhziSdpSiW
Sneazzy,https://open.spotify.com/artist/1cA379ILgR07m7XQVXyP6Q
Sobek,https://open.spotify.com/artist/0KITbps0KsxEg50TuWpLnc
Sofiane Pamart,https://open.spotify.com/artist/4RB2EEsmLhQTOSVQQpDzNg
Solann,https://open.spotify.com/artist/17u6mMCLx4RTzjIKRaTRIv
Solesse,https://open.spotify.com/artist/3ROza6Amc8uZh2thSNWP08
Soolking,https://open.spotify.com/artist/0GgY7hjMoGDsX8ZDe2mwds
Sopico,https://open.spotify.com/artist/01fkQiYuBZt16vQ8iRIc7g
Soprano,https://open.spotify.com/artist/2RJBv9wXbW6m539q9NOfW1
SOR4,https://open.spotify.com/artist/03XsGQcpz4qlzyW3X2Jsln
Sovajon,https://open.spotify.com/artist/41XEyClazvR6Ao77iD8qex
Sreen,https://open.spotify.com/artist/1UPzGwmI3rkLOMmfz9mwYr
Stavo,https://open.spotify.com/artist/2j93xBBtZnS9YJGJUcWHwg
Steban,https://open.spotify.com/artist/2Rpjau0nKWylwl1yu7q7mn
Steve Lacy,https://open.spotify.com/artist/57vWImR43h4CaDao012Ofp
Subjxct 5,https://open.spotify.com/artist/4h4ObUIJAlK0DodbX1YurV
Sublime,https://open.spotify.com/artist/0EdvGhlC1FkGItLOWQzG4J
Suki,https://open.spotify.com/artist/1dG6Aq3KT2lKBkJhBLcAg8
Swing,https://open.spotify.com/artist/0OQMxt6l70FM2YlLwYDiEn
Szigh,https://open.spotify.com/artist/2YUEHj4p3rAYC1ZmJDhJJj
T-Shyne,https://open.spotify.com/artist/14qypx78D3Jd1mm7c2BqQb
TEKKNO,https://open.spotify.com/artist/0aUMVkR8QV0LSdv9VZOATn
TH,https://open.spotify.com/artist/4k0UwfZq3WOpZiZosq3vQC
TKS 2G,https://open.spotify.com/artist/26ZKmgHKJWQdnSKUZCVEKa
TRAPMAT SAVIOR,https://open.spotify.com/artist/5vaj4nUcjIF9Op1rFtebxV
TSUKII,https://open.spotify.com/artist/3uAcMwoOWIbYgjBDcv9EDX
TaeminTekken,https://open.spotify.com/artist/1m3lS4PkpYY3ZE7IE0FFGq
Tali G17,https://open.spotify.com/artist/5gmGbWwJVM3nznv2AIkHgv
Tandem,https://open.spotify.com/artist/5r4KrJXWxLsbym4vjcRv1i
Tarik Azzouz,https://open.spotify.com/artist/6KphPDgP2tw0PRK8bJfRAf
Tay-K,https://open.spotify.com/artist/2ODbg2404zUzTi02qIPEjB
Tenma,https://open.spotify.com/artist/3MaO9kMKgKD4DjfZvlbbGf
Tha Trickaz,https://open.spotify.com/artist/5otbsJYLeabtEzFiCUw6lT
The Frightnrs,https://open.spotify.com/artist/0wwBxT2qVH327KlBJbwMEP
The Mystic Delights,https://open.spotify.com/artist/6LrJTRWPsDrXtsgjmKBqmm
Three Days Grace,https://open.spotify.com/artist/2xiIXseIJcq3nG7C8fHeBj
Tianmi,https://open.spotify.com/artist/1cxvTBZk2FxR8hgtF25sK2
Tiny BRD,https://open.spotify.com/artist/3NtLAhH6cRMiE6qXqnQvWj
Toboë,https://open.spotify.com/artist/5db3cMLSXXrcz2ylXlARyB
Todiefor,https://open.spotify.com/artist/55SWeOUhlJHrkcuih5J2pQ
Tommy Isaac,https://open.spotify.com/artist/6PxSRmnDn9boMXMRJbPyrK
Tonio Le Vakeso,https://open.spotify.com/artist/4uNZBXc3ZfRj0Wtc5TUDHr
Tony Seng,https://open.spotify.com/artist/6tFk4s538zsAbVIWloGwHK
Trak,https://open.spotify.com/artist/4oOUpvG24OegWF6zOtsopb
Trippie Redd,https://open.spotify.com/artist/6Xgp2XMz1fhVYe7i6yNAax
Try To live,https://open.spotify.com/artist/3VtSOiqX0TuPGoVVH8qSyP
Twizzy cinco,https://open.spotify.com/artist/2dyHRxF3lofQnkPB86jOni
"Tyler, The Creator",https://open.spotify.com/artist/4V8LLVI7PbaPR0K2TGSxFF
Ugz Beat,https://open.spotify.com/artist/1CD6jw0zCOoVK3p2xu52fc
Ulysse,https://open.spotify.com/artist/0IHkcxD79oKnHexJ1D7fuQ
VNCE CARTER,https://open.spotify.com/artist/11zy6I3LeMtIrIztaTl5rO
VT,https://open.spotify.com/artist/6sAxiQQZfNZPbwnpFW9C1m
Veazy,https://open.spotify.com/artist/6iBhhfO297wskZQuZtWnpG
Vengo,https://open.spotify.com/artist/59fPc7n2IQVrXsd9xJaOqe
Venom Cz,https://open.spotify.com/artist/28Cfi0iAF7TNtWWlee53xM
Victor Axelrod,https://open.spotify.com/artist/2biUp9VdsGaM1dL1kjLLUy
Victore Yaga,https://open.spotify.com/artist/4KZdGuL0Ao5KwkmcOxTxby
Videoclub,https://open.spotify.com/artist/3rp4f58JlRHkk8hpdLCer1
Vidji,https://open.spotify.com/artist/0fVxlW7S6bFT9wRwyDpv9E
Vilhelm.,https://open.spotify.com/artist/4uO8CQoAZVcUdZrWgeqobo
Vinss,https://open.spotify.com/artist/12PyTIeOkW1qKEmK81FMDN
Vladimir Cauchemar,https://open.spotify.com/artist/2V5xArcB3BGAHmwsK46tyU
Voleur2Voleur,https://open.spotify.com/artist/7cn1vmWwo5EnYDjXVzmmSr
W.Ky,https://open.spotify.com/artist/254zdN9JGfo9eAIT5txwps
Walter,https://open.spotify.com/artist/5ftbDg8tTcJ4MbeWpgwqhm
Walydo,https://open.spotify.com/artist/1Vb6HHp27vsQNds9aDrK3u
Warsky,https://open.spotify.com/artist/2IJj6egF18ZOQLbA4tkX7Y
Waxx,https://open.spotify.com/artist/1sJDvsoQ9X10dibPnSSlsV
Waza,https://open.spotify.com/artist/6NqqQ5SWb0T55ZDjO27ywf
Whatever 51,https://open.spotify.com/artist/55hsT9c29dKJa9ohFSmf1c
White Corbeau,https://open.spotify.com/artist/4Fx8fH6sfgkkn3HVyWdmZH
William Sheller,https://open.spotify.com/artist/2fJzcOo1URtFQr5rkF5kC8
Wit.,https://open.spotify.com/artist/4ME56PlDfT9QKf6sGcRgPm
X-Men,https://open.spotify.com/artist/0u8fuhFdG3E8WKsqQXy63B
YT,https://open.spotify.com/artist/0YsYhESxyHC1kuMm9Mbm3C
YUNG POOR ALO,https://open.spotify.com/artist/4n9g9O44xmv7k4ET9NLvds
Yanso,https://open.spotify.com/artist/1mAdVbvz1w6v9I5iGxRtnE
Yaya D,https://open.spotify.com/artist/2eVtdRXEn3EcdkE3erNFDO
Yoshi24k,https://open.spotify.com/artist/5TEOISP3UeCheh6U18sLcC
Young Stoner Life,https://open.spotify.com/artist/1xr2G8Hlx4QWmT9HaUbmoO
Young Thug,https://open.spotify.com/artist/50co4Is1HCEo8bhOyUWKpn
Youssoupha,https://open.spotify.com/artist/5DW7NxqQ2875JtjuV7KMn4
Yovo,https://open.spotify.com/artist/4fAuopyFMCGVhStrYsvbev
Ysha,https://open.spotify.com/artist/066y53j1f6CFDQ8zMae8Xl
Ysos,https://open.spotify.com/artist/1SQBvSuDIDiab53e3JCuLP
Ÿuma,https://open.spotify.com/artist/1PRH2VLBHk1kMY2BFI0GQW
Yung L.A.,https://open.spotify.com/artist/5xUMw9vaS567MBBjsoLslo
Yung.Coeur,https://open.spotify.com/artist/6KWfiUT0XGerlNp5uqaAjJ
Yuzmv,https://open.spotify.com/artist/1cYA2rnKwpVYe9iVH3Djjm
Zaho,https://open.spotify.com/artist/0vN920jukdAbErvjo2OJ2o
Zefor,https://open.spotify.com/artist/1H8n1TwWuDJGP6BS5R3nsU
Zequin,https://open.spotify.com/artist/2LYVVDuM7unBkS3YgHjqby
Zikxo,https://open.spotify.com/artist/7rjPaOQdQeTIQhmApviFqe
Zinée,https://open.spotify.com/artist/6LAeGs6PiBDev5KdMdbRY3
Zkr,https://open.spotify.com/artist/2yJ6lsLqG06r9bckSTQRt4
ZorroSlice,https://open.spotify.com/artist/1sX5GL1G0oMTLCPJXJ9nme
Zoxea,https://open.spotify.com/artist/2uuaoYjn1Pk0Y3NOyMR0KR
amne,https://open.spotify.com/artist/0YsYu70SjjExKUAsMZ9yAO
asmarr311,https://open.spotify.com/artist/0FKZRNcVp1Sy42wbI4lw9L
Étienne Daho,https://open.spotify.com/artist/5aDKJuLDczfmHfRSOmHCJk
dj33needler,https://open.spotify.com/artist/1Kynf6fif2phV1ZH7PX63j
dxvl,https://open.spotify.com/artist/7aVN7GGnvCgEnZpykvn1fj
elyslime!,https://open.spotify.com/artist/01TiobRxuXvRkwBj9x0bay
emuhes,https://open.spotify.com/artist/6IBNmftJeNI9JYfsY6AVR1
esone,https://open.spotify.com/artist/3fBpe6wudNiRQA4J9Ri6z9
Eulalie,https://open.spotify.com/artist/100Y2Jfg2QtKEdO4xKyQj5
Ez3kiel,https://open.spotify.com/artist/5R874BNGBPyTMu2pxo834G
LUIZA,https://open.spotify.com/artist/3K5sYlHk7RZimjYhUWej8D
hoqboy,https://open.spotify.com/artist/2jP12Nh6dsEARb048yZoOh
i300,https://open.spotify.com/artist/5crOTgkcDtgMTCoatASEBs
iros,https://open.spotify.com/artist/308Aw2huJJJ7j54fFnE2Tt
j'san,https://open.spotify.com/artist/5iMUho98faEp2w6j5p44PH
jeune tongue,https://open.spotify.com/artist/0m4JgevoK3uNPwIHG2BUfd
johnnyrunts,https://open.spotify.com/artist/6WGfm0DLTe75ReBQjrCRPh
kezo,https://open.spotify.com/artist/1xsVrFNXQ3Pus9VM4s987y
kyra,https://open.spotify.com/artist/3iyCMZrssGYfppnPUDYT75
le N,https://open.spotify.com/artist/6Nie3K0cKHLZRz5iMWvu5c
lllou,https://open.spotify.com/artist/4A8TYRzg7UzhUgtftAnJmt
luXe Timeless,https://open.spotify.com/artist/0z9LXEIkHpLbdFjACJc4oX
menace Santana,https://open.spotify.com/artist/5Y5EJ20jDQkkB213zwuDXR
midwxst,https://open.spotify.com/artist/7CGSp2GbiOpLPSq61qjxf8
no1knows,https://open.spotify.com/artist/0A1wPxWDn8uDZ3jYVJV3OT
notinbed,https://open.spotify.com/artist/0e7T2sPaxQSpePLh4AhMg8
pavhell,https://open.spotify.com/artist/3r2NvirShVZA4a0px2jDiI
ptitlouis,https://open.spotify.com/artist/18Jfbdn6HiMlU17KOB5NXF
Robbie Williams,https://open.spotify.com/artist/2HcwFjNelS49kFbfvMxQYw
ruccie,https://open.spotify.com/artist/4Xqf5eZMp33XPFaf5mI5hF
sanderscore,https://open.spotify.com/artist/4qRM4cQmyqJASLvompfXg6
santanaluis,https://open.spotify.com/artist/3OmhflbZacC8BA4ohG931O
Sean Paul,https://open.spotify.com/artist/3Isy6kedDrgPYoTS1dazA9
snorunt,https://open.spotify.com/artist/6eDkjwp2Dp50zcjIgK0mlH
sspace,https://open.spotify.com/artist/3jKFv8czmfzVf0xN8fm9gx
sutus,https://open.spotify.com/artist/2zhKldgogbxkvmfN5HbNaO
whyhaze,https://open.spotify.com/artist/4QqnuHKfpTHncKt0om35AE
Ärsenik,https://open.spotify.com/artist/3Mo6O9iqKSw3Mn6v5zZfEy
Édith Piaf,https://open.spotify.com/artist/1WPcVNert9hn7mHsPKDn7j
.H.K,https://open.spotify.com/artist/61qvcZWDAT1yvsw4bEVowX
21 Savage,https://open.spotify.com/artist/1URnnhqYAYcrqrcwql10ft
28hassal,https://open.spotify.com/artist/7yY7a7bOc05S6V31KOtrbW
5EB,https://open.spotify.com/artist/70P7as3HD8esc9Dx2TAR7o
ATLP,https://open.spotify.com/artist/6f8kUScQEWPNfAIqMcVLEj
Aitch,https://open.spotify.com/artist/2PJEagPIxaBugeMjIyKVXF
Akon,https://open.spotify.com/artist/0z4gvV4rjIZ9wHck67ucSV
Alex Grox,https://open.spotify.com/artist/4JVjViXsgKm7GFfPQsNKWO
Amine Farsi,https://open.spotify.com/artist/1jsITtntorE3UE5JMAZ2j6
Arctic Monkeys,https://open.spotify.com/artist/7Ln80lUS6He07XvHI8qqHH
Arma Jackson,https://open.spotify.com/artist/22I8wvU1Zw6EMiOt4W98BN
Artie J,https://open.spotify.com/artist/1DUdW31m7wIqrcSYTaT4zp
Ashanti,https://open.spotify.com/artist/5rkVyNGXEgeUqKkB5ccK83
BAYLE,https://open.spotify.com/artist/0sOMt5DCEPXcPD14ixHL1c
BENEE,https://open.spotify.com/artist/0Cp8WN4V8Tu4QJQwCN5Md4
BENJAY,https://open.spotify.com/artist/3SeRKBuCtC8Q3uN93co7yK
Basta Lion,https://open.spotify.com/artist/0QhsKMpgJqVMX95TI4yvFE
Beach Bunny,https://open.spotify.com/artist/2vnB6tuQMaQpORiRdvXF9H
Bedry,https://open.spotify.com/artist/4tj9yRpZ3I6ymn8QnMLJhw
Benny The Butcher,https://open.spotify.com/artist/5Matrg5du62bXwer29cU5T
Big GLTAOW,https://open.spotify.com/artist/1d5Mb8cCszhPtyeXjUkRgd
Big Time Rush,https://open.spotify.com/artist/0GWCNkPi54upO9WLlwjAHd
Bilouki,https://open.spotify.com/artist/1NB6QyaNXhrDd82y0WyG3I
Blackedy,https://open.spotify.com/artist/1KUAXExkHPbU9dtaqKwkK2
Blandine,https://open.spotify.com/artist/6infmFutAYY931JVRh4H5e
Blood Orange,https://open.spotify.com/artist/6LEeAFiJF8OuPx747e1wxR
Bohemian Club,https://open.spotify.com/artist/1xolOkOhMG7bFY5je8ZySy
Brent Faiyaz,https://open.spotify.com/artist/3tlXnStJ1fFhdScmQeLpuG
Bronski Beat,https://open.spotify.com/artist/2wpWOzQE5TpA0dVnh5YD08
Bruno Mars,https://open.spotify.com/artist/0du5cEVh5yTK9QJze8zA0C
Burna Boy,https://open.spotify.com/artist/3wcj11K77LjEY1PkEazffa
CKay,https://open.spotify.com/artist/048LktY5zMnakWq7PTtFrz
Cerrone,https://open.spotify.com/artist/5SE2sfwTpxL2vXRdG6H5PM
Chief Keef,https://open.spotify.com/artist/15iVAtD3s3FsQR4w1v6M0P
Christine and the Queens,https://open.spotify.com/artist/04vj3iPUiVh5melWr0w3xT
Clara La San,https://open.spotify.com/artist/3u65Tx20y4WqxO7W7khEhj
Cochise,https://open.spotify.com/artist/46HzS7yz0c9udVwtbHk1sx
Coyote Jo Bastard,https://open.spotify.com/artist/3nDLTOGw0WwwddP3tq5561
Current Joys,https://open.spotify.com/artist/0m5FakHKCQdA7UN0PIzMcL
Cvrrent Flow,https://open.spotify.com/artist/3pHY4dQSL0bsO0BdRbt0Wa
DJ Snake,https://open.spotify.com/artist/540vIaP2JwjQb9dm3aArA4
Darkoo,https://open.spotify.com/artist/4QSTyDpxsKmv3UfavVUImR
Destroy Lonely,https://open.spotify.com/artist/1HPW4jeRjXBFRoUnSvBzoD
Digga D,https://open.spotify.com/artist/57n1OF36WvtOeATY6WQ6iw
Djack,https://open.spotify.com/artist/5oQ67vZ4b0gtJhsmGEWlJN
Djvck,https://open.spotify.com/artist/7mtCwtqbi16f42xeuuzGYY
Dofla,https://open.spotify.com/artist/6VcLqJxMUKb76JSMC9x9Eh
Dominic Fike,https://open.spotify.com/artist/6USv9qhCn6zfxlBQIYJ9qs
Drake,https://open.spotify.com/artist/3TVXtAsR1Inumwj472S9r4
Earl Sweatshirt,https://open.spotify.com/artist/3A5tHz1SfngyOZM2gItYKu
Ebo Sosa,https://open.spotify.com/artist/0NbXy6HAZqmj3Jx9AxQgYn
Eyedress,https://open.spotify.com/artist/3XxNRirzbjfLdDli06zMaB
FELIX!,https://open.spotify.com/artist/1DN9Pgv4fiAaRSSgiisj5G
FR2D!,https://open.spotify.com/artist/7E53BLxenUaCn4LbRTVm1g
Faygee,https://open.spotify.com/artist/7jqrliqiHR7s8gFmLQzqqd
Fousheé,https://open.spotify.com/artist/6trIghKwHRUyxwvm66HLHH
French Police,https://open.spotify.com/artist/75vqTLIltGApfI0NxcsJaC
Future,https://open.spotify.com/artist/1RyvyyTE3xzB2ZywiAwp0i
GLC,https://open.spotify.com/artist/2hZ6jVi1cao5VlJHAEPzU7
GRM Daily,https://open.spotify.com/artist/4PCeJ2EIn3YtzYYRsHHWyy
George Clanton,https://open.spotify.com/artist/1G5v3lpMz7TeoW0yGpRQHr
Ghalijoestar,https://open.spotify.com/artist/3P4htroS4YDlES94VvOf2D
Ghostbalaa,https://open.spotify.com/artist/0cnv7bSFm6fem7G2O10Lek
Giacomo,https://open.spotify.com/artist/7359RgrSfWHHVJIE0CuqVv
Gio Pika,https://open.spotify.com/artist/3ZOk6bDH8ORFWZUA4qvevR
Gunna,https://open.spotify.com/artist/2hlmm7s2ICUX0LVIhVFlZQ
Gus Dapperton,https://open.spotify.com/artist/6sHCvZe1PHrOAuYlwTLNH4
Headie One,https://open.spotify.com/artist/6UCQYrcJ6wab6gnQ89OJFh
Hotel Ugly,https://open.spotify.com/artist/35WVTyRnKAoaGExqgktVyb
Ice Cube,https://open.spotify.com/artist/3Mcii5XWf6E0lrY3Uky4cA
Ice Spice,https://open.spotify.com/artist/3LZZPxNDGDFVSIPqf4JuEf
J Hus,https://open.spotify.com/artist/2a0uxJgbvvIRI4GX8pYfcr
J. Cole,https://open.spotify.com/artist/6l3HvQ5sa6mXTsMTB19rO5
JAY-Z,https://open.spotify.com/artist/3nFkdlSjzX9mRTtwJOzDYB
JLLY,https://open.spotify.com/artist/6TtCAKrgTaBRw50XkvTY54
JOVANI,https://open.spotify.com/artist/3i4Q02bKTTHCQNQaLzI4gi
Jayvee,https://open.spotify.com/artist/5GA9ktQ3T8ZXWXF5yDqOTF
Jordana,https://open.spotify.com/artist/5Bw9kFNhy019e4IBCJZlzw
Joy Again,https://open.spotify.com/artist/4jCIAMb0zEArF3GYEYzoDk
Joy Division,https://open.spotify.com/artist/432R46LaYsJZV2Gmc4jUV5
Jsos,https://open.spotify.com/artist/62LnPego9qDh6r8E6DfAuK
K$upreme,https://open.spotify.com/artist/7trxpXo6hVUnoB22sbCkEd
KA$HDAMI,https://open.spotify.com/artist/4YEl33ar2WlUSF94Yh9CCf
KXYZ,https://open.spotify.com/artist/3LhOisFma6A8SETxbBTlPr
Kadir,https://open.spotify.com/artist/417kK1Gnzb6eEvMeGWbIfs
Kanye West,https://open.spotify.com/artist/5K4W6rqBFWDnAN6FQUkS6x
Karrtii,https://open.spotify.com/artist/3Q4gRMLfIQFWDCulWTzsaJ
Kendrick Lamar,https://open.spotify.com/artist/2YZyLoL8N0Wb9xBt1NhZWg
Kenzy,https://open.spotify.com/artist/7dV9demtG3FSpXaM7e5WbH
Kid Cudi,https://open.spotify.com/artist/0fA0VVWsXO9YnASrzqfmYu
LARIICA,https://open.spotify.com/artist/4ToRGHPORYxQMdyn7nKm9h
Lawane,https://open.spotify.com/artist/10scmLDyIYFOydJV8j5yZY
LUCCI,https://open.spotify.com/artist/31SzsR7xqJ2Kde9fyF9AnG
LUCKI,https://open.spotify.com/artist/5tQMB0cuNXdCtzovGt55uD
Label Blue Sky,https://open.spotify.com/artist/5pHKAKcCCKQowFAR4EQyCC
Lalo Schifrin,https://open.spotify.com/artist/39iHRO9MH9To3gjW7wqaW1
Liim’s,https://open.spotify.com/artist/2XpsF0ZQfBV08auUoRnNJE
Lil Baby,https://open.spotify.com/artist/5f7VJjfbwm532GiveGC0ZK
Lil Peep,https://open.spotify.com/artist/2kCcBybjl3SAtIcwdWpUe3
Lil Tecca,https://open.spotify.com/artist/4Ga1P7PMIsmqEZqhYZQgDo
Lil Uzi Vert,https://open.spotify.com/artist/4O15NlyKLIASxsJ0PrXPfz
Lil Yachty,https://open.spotify.com/artist/6icQOAFXDZKsumw3YXyusw
Lil Zino,https://open.spotify.com/artist/7AUV18vpujVWJKIDZtFfWS
Lil' Kim,https://open.spotify.com/artist/5tth2a3v0sWwV1C7bApBdX
Lily Allen,https://open.spotify.com/artist/13saZpZnCDWOI9D4IJhp1f
Lola Young,https://open.spotify.com/artist/67FB4n52MgexGQIG8s0yUH
LordKvn,https://open.spotify.com/artist/7KsrovuwwH9CBU3DNhOLlw
Lossapardo,https://open.spotify.com/artist/6amhIkFAweDp9aQ8FKQ606
Loyle Carner,https://open.spotify.com/artist/4oDjh8wNW5vDHyFRrDYC4k
Luiz Bonfá,https://open.spotify.com/artist/174ThXFgQg2VCq9r3m8ceb
L’As,https://open.spotify.com/artist/3VTjgKLiBLDXWCigMpjFan
M1llionz,https://open.spotify.com/artist/5ZD4VhNTUEnEBTlWQPeyzq
MGMT,https://open.spotify.com/artist/0SwO7SWeDHJijQ3XNS7xEE
Mac DeMarco,https://open.spotify.com/artist/3Sz7ZnJQBIHsXLUSo0OQtM
MadGambino,https://open.spotify.com/artist/1aojnsBHAEnurKfi6i6KsG
Mark Ronson,https://open.spotify.com/artist/3hv9jJF3adDNsBSIQDqcjp
-M-,https://open.spotify.com/artist/6soPpJHlCtN6SY8pWlfbC6
Metro Boomin,https://open.spotify.com/artist/0iEtIxbK0KxaSlF7G42ZOp
Miguel,https://open.spotify.com/artist/360IAlyVv4PCEVjgyMZrxK
Mixtape Madness,https://open.spotify.com/artist/4ocdD0Bi1syVqLs1GiHqQ9
Mlz,https://open.spotify.com/artist/6tAkdJFYvw2ON1xEwOFw3C
Mougli,https://open.spotify.com/artist/5wDSvbjsOg3U8gw0ocQ0zl
Nas,https://open.spotify.com/artist/20qISvAhX20dpIbOOzGK3q
Natalie Chludz,https://open.spotify.com/artist/7qVR4SXv46sMHqRzgidm5W
Nicki Minaj,https://open.spotify.com/artist/0hCNtLu0JehylgoiP8L4Gh
Noma Rttclan,https://open.spotify.com/artist/1oqGbRIGyWZm1SaIkDlatw
OSO,https://open.spotify.com/artist/7v8eES96R5p4lUkinWKY1g
Oasis,https://open.spotify.com/artist/2DaxqgrOhkeH0fpeiQq2f4
Oklou,https://open.spotify.com/artist/6fFcUOFcbjeIuEomuUthkw
Oscar #Worldpeace,https://open.spotify.com/artist/63h1vcgwz5lbgfiIyF6mcs
Oscar Castro-Neves,https://open.spotify.com/artist/55PO0aYAH6lYKr0SqYR3Z9
PMF,https://open.spotify.com/artist/5jaX08AKgbOhcsJRBL8MPU
Papi*,https://open.spotify.com/artist/5tsok6ueaIAiMQnSNzoO0W
Paramore,https://open.spotify.com/artist/74XFHRwlV6OrjEM0A2NCMF
Paul Wall,https://open.spotify.com/artist/0k7Xl1pqI3tu8sSEjo5oEg
Pengz,https://open.spotify.com/artist/6MtptleIGJ3C7lOpGf9Hxc
Pinegrove,https://open.spotify.com/artist/2gbT6GPXMis0OAkZbEQCYB
PinkPantheress,https://open.spotify.com/artist/78rUTD7y6Cy67W1RVzYs7t
Playboi Carti,https://open.spotify.com/artist/699OTQXzgjhIYAHMy9RyPD
Potter Payper,https://open.spotify.com/artist/7bZpYWk0ZZN7CkOeXbAY0Z
Pusha T,https://open.spotify.com/artist/0ONHkAv9pCAFxb0zJwDNTy
RIMON,https://open.spotify.com/artist/4DtUsfaVQBhypuwYmobdSm
Radiohead,https://open.spotify.com/artist/4Z8W4fKeB5YxbusRsdQVPb
Ravyn Lenae,https://open.spotify.com/artist/5RTLRtXjbXI2lSXc6jxlAz
Rob49,https://open.spotify.com/artist/1jBoSSrbz9n4ehQWA4cZgB
Rod Stewart,https://open.spotify.com/artist/2y8Jo9CKhJvtfeKOsYzRdT
Rookizz,https://open.spotify.com/artist/2hZht4kY4U3bajLwu0vMRl
Rsko,https://open.spotify.com/artist/3L774tiJRvPmAS90pOLB44
Rushy,https://open.spotify.com/artist/0Mf9AMLaP102sdJQ3Xqm6J
SL,https://open.spotify.com/artist/0wY1K9SgxbaRfoFRmSR5x5
SYDS,https://open.spotify.com/artist/46wGNz7cifpikaKVMhidP5
SZA,https://open.spotify.com/artist/7tYKF4w9nC0nq9CsPZTHyP
Sacci,https://open.spotify.com/artist/4I4e4J3Swlb1G1F3WC5fmg
SahBabii,https://open.spotify.com/artist/7GuUYiGZOzQwq4L6gAfy1T
Sainté,https://open.spotify.com/artist/3DEdNjxF3ea9taOMCXouZ6
Sam Wise,https://open.spotify.com/artist/4CCjWYtowoZyWAl03Iih5P
Scala,https://open.spotify.com/artist/2oR7Y12SaC4Te9nXjYe3gf
Scotty NL,https://open.spotify.com/artist/0MOWy6hjCLXawlezNwjH6Q
Shae Universe,https://open.spotify.com/artist/5gaElx30yTGGiOCVnml29N
Shaz,https://open.spotify.com/artist/4SINBSA4jou9ptE88AYQE9
Shiloh Dynasty,https://open.spotify.com/artist/1wxPItEzr7U7rGSMPqZ25r
Skary,https://open.spotify.com/artist/1m04l4V9GnBbWwZ587BmKP
Skepta,https://open.spotify.com/artist/2p1fiYHYiXz9qi0JJyxBzN
Sponge Productions,https://open.spotify.com/artist/0UmropRU88cm9RR9JK8a0K
Strandz,https://open.spotify.com/artist/33X2jfLSVyDevoksJjRZoS
Surf Curse,https://open.spotify.com/artist/1gl0S9pS0Zw0qfa14rDD3D
THE SCOTTS,https://open.spotify.com/artist/2PaZWGu5T5nHjY2xxAkFsT
THEODORT,https://open.spotify.com/artist/6q87j1F6EtUxjlvkJNknFp
TTdafool,https://open.spotify.com/artist/4E7uUQEfk4QBduRohd7d06
TV Girl,https://open.spotify.com/artist/0Y6dVaC9DZtPNH4591M42W
The Cure,https://open.spotify.com/artist/7bu3H8JO7d0UbMoVzbo70s
The Neighbourhood,https://open.spotify.com/artist/77SW9BnxLY8rJ0RciFqkHh
The Police,https://open.spotify.com/artist/5NGO30tJxFlKixkPSgXcFE
The Smiths,https://open.spotify.com/artist/3yY2gUcIsjMr8hjo51PoJ8
The Strokes,https://open.spotify.com/artist/0epOFNiUfyON9EYx7Tpr6V
The Venice,https://open.spotify.com/artist/2gxgnuPZdhYDNrz8Kptx0B
The Weeknd,https://open.spotify.com/artist/1Xyo4u8uXC1ZmMpatF05PJ
Tiggs Da Author,https://open.spotify.com/artist/0S2dfczvN0sOxEw559snHT
Tom D.,https://open.spotify.com/artist/10FRD2SQAGX1mwDJ5ZWg6M
Tommy Richman,https://open.spotify.com/artist/1WaFQSHVGZQJTbf0BdxdNo
Tony Archive,https://open.spotify.com/artist/1YIcd06jWhXhNYuO6Ws4d0
Toothpick,https://open.spotify.com/artist/6y8fJy0nvUAZXzISnVUX8w
Travis Scott,https://open.spotify.com/artist/0Y5tJX1MQlPlqiwlOH1tJY
Trefuego,https://open.spotify.com/artist/4HQfNWcXe8k5dlMHx4QrTP
TwoTwo,https://open.spotify.com/artist/3H6Mld9y4gFvW3LDEJUUoQ
U2,https://open.spotify.com/artist/51Blml2LZPmy7TTiAg47vQ
Vacations,https://open.spotify.com/artist/0U7iI0Dk4Ojvi17nZboNO4
Venna,https://open.spotify.com/artist/7qKJMpPZfyGHHwPgsjgFCP
Wretch 32,https://open.spotify.com/artist/0T2sGLJKge2eaFmZJxX7sq
Wysko,https://open.spotify.com/artist/6533hbKiWuH4KSU2RwZlmy
XXXTENTACION,https://open.spotify.com/artist/15UsOTVnJzReFVN1VCnxy4
YJICK,https://open.spotify.com/artist/40HmrbLnTWjdxv0D2EVgL6
Young Miko,https://open.spotify.com/artist/3qsKSpcV3ncke3hw52JSMB
Youngs Teflon,https://open.spotify.com/artist/5tdTldHOWl0iRO4jtII6tv
Yung Biggs,https://open.spotify.com/artist/7eDAnhfnn8IGddPDNaHOP4
Zacari,https://open.spotify.com/artist/3qBKjEOanahMxlRojwCzhI
Zed,https://open.spotify.com/artist/4reog9Hn84AuUWvGX5a2Yq
beabadoobee,https://open.spotify.com/artist/35l9BRT7MXmM8bv2WDQiyB
bôa,https://open.spotify.com/artist/5jTtGLk1mGFMY5lQOvJYUj
dorianbvs,https://open.spotify.com/artist/34nYTsqUFVcwY3k2Av2afw
kofi bae,https://open.spotify.com/artist/2KtWPZPNc23lNCAJzntRhn
likmawrld,https://open.spotify.com/artist/3ixHT3QXEE0Hs3jSXgvkbO
melodybloom,https://open.spotify.com/artist/09SHUPzM4RIiUSkQ8stabk
prodbycpkshawn,https://open.spotify.com/artist/4lSMHN0hTQWFJchmKwHE7Z
proderics,https://open.spotify.com/artist/3VsmiWWtAHSrkgF2forgVI
slowthai,https://open.spotify.com/artist/3r1XkJ7vCs8kHBSzGvPLdP
tana,https://open.spotify.com/artist/1xgl9yxqIVq8PEEMai38uV
timmies,https://open.spotify.com/artist/1AUZYkS7eLmZUnBjQyJmwf
trefuego1,https://open.spotify.com/artist/6reXgtyluLaF5M04MiRI43
The Voidz,https://open.spotify.com/artist/4nUBBtLtzqZGpdiynTJbYJ
2 Bal Niggets,https://open.spotify.com/artist/1zt1RZOLhEh9Te0uiZ8KsY
26keuss,https://open.spotify.com/artist/2BLicRE8Fcc5L2qthULtMi
4batz,https://open.spotify.com/artist/5fi7lIgJGH3RgUpJYcffQ7
Amy Winehouse,https://open.spotify.com/artist/6Q192DXotxtaysaqNPy5yR
Anybxdy,https://open.spotify.com/artist/0BzoR0B5JQj138oz9W4xsa
Baja Frequencia,https://open.spotify.com/artist/5hkLgDHHOCdNfLSdevCX2z
Black Coffee,https://open.spotify.com/artist/6wMr4zKPrrR0UVz08WtUWc
Bob Marley & The Wailers,https://open.spotify.com/artist/2QsynagSdAqZj3U9HgDzjD
Chaps,https://open.spotify.com/artist/3n0ksbjVdPz83etmJcuaur
Chinese Man,https://open.spotify.com/artist/6vgw0jwJkUnW2NR1rzsQU3
DJ Quik,https://open.spotify.com/artist/0b2XeWDPeBiLeskT6RFqMb
DJ Shadow,https://open.spotify.com/artist/5CE2IfdYZEQGIDsfiRm8SI
De La Soul,https://open.spotify.com/artist/1Z8ODXyhEBi3WynYw0Rya6
Del The Funky Homosapien,https://open.spotify.com/artist/0YsLR3SQd5QTXAhGIGX7cl
Dinnomo,https://open.spotify.com/artist/7yCedOcQPQkr4BjNrvoVfk
Dooz Kawa,https://open.spotify.com/artist/4z8LvfxawVZLoLR1KTUzQL
Faf Larage,https://open.spotify.com/artist/2Rs9OXF7KV8QXIzg7hT1mv
Fauve,https://open.spotify.com/artist/3Qei3mnDY6LrmJK6sYJdxo
Feu! Chatterton,https://open.spotify.com/artist/538TfjnJpRXI80MHYWfKlo
Flo Milli,https://open.spotify.com/artist/08PvCOlef4xdOr20jFSTPd
Fonky Family,https://open.spotify.com/artist/1BTmMBPzv3zEO3f6ilFoct
Freeman,https://open.spotify.com/artist/5OiICeeNubhIo750yEeYKk
Gorillaz,https://open.spotify.com/artist/3AA28KZvwAUcZuOKwyblJQ
Gouap RTTCLAN,https://open.spotify.com/artist/7rjdQx7OSfthvdWWgSM1e5
Gwaman,https://open.spotify.com/artist/67tDnyx6UXVz3hkeo9u5v6
Hifteen,https://open.spotify.com/artist/4S8PCqSc2uRDcxtZjPCzhi
J2LASTEU,https://open.spotify.com/artist/3uTKNyY4f6vNaedgmLZcHc
Jacques Brel,https://open.spotify.com/artist/4RN2vlFWepLa46qQIU2PHs
Jaeyez,https://open.spotify.com/artist/4Uao9SPbF8BbyNDja132v6
Jorja Smith,https://open.spotify.com/artist/1CoZyIx7UvdxT5c8UkMzHd
Jorrdee,https://open.spotify.com/artist/5S20kfnvfovpK5ncgaDkWU
Juice WRLD,https://open.spotify.com/artist/4MCBfE4596Uoi2O4DtmEMz
K-Rhyme Le Roi,https://open.spotify.com/artist/5m5JiECMbTrRUjMZ9C383H
Kreuss,https://open.spotify.com/artist/0HMhmaDD00l8xsehUgqwV1
La Caution,https://open.spotify.com/artist/1MBqzcu6aiY7GzP5BfG56T
La Femme,https://open.spotify.com/artist/5VTWoYYizcOY3uIKnxeCGI
Le 3ème Oeil,https://open.spotify.com/artist/4UUv9SzL15YuB6epX0YGdy
Le Tigre,https://open.spotify.com/artist/2n6FviARgtjjimZXu18uRM
Lost Frequencies,https://open.spotify.com/artist/7f5Zgnp2spUuuzKplmRkt7
Lunatic,https://open.spotify.com/artist/2T94BUd6X8J1G5EfJj3hZr
MakoBeatz,https://open.spotify.com/artist/5h2xhn16xnfi6dMoM3Gbp1
Mandino Reinhardt,https://open.spotify.com/artist/6TofbADrivbugNjy9U4uA5
Mobb Deep,https://open.spotify.com/artist/6O2zJ0tId7g07yzHtX0yap
Ménélik,https://open.spotify.com/artist/3msewJ0hXf2THwcdYjGeOA
Orrage,https://open.spotify.com/artist/2mYCC9p7Hcn5RKRnneP1sh
Passi,https://open.spotify.com/artist/41o2A93SPxIUxsy5HQjvul
Poupy,https://open.spotify.com/artist/1UThCAGhASPNKsKwcbsdlY
R2,https://open.spotify.com/artist/2D8Vb8JwQhndC6H6heA1kD
Raggasonic - NTM,https://open.spotify.com/artist/6bqUlAEF6W29zSunM9jJxs
Ramriddlz,https://open.spotify.com/artist/3fHjwMnkM9ov8CozqkYxWY
Rocé,https://open.spotify.com/artist/1mlXC2UctbgiM3aEdgYn3p
Scratch Bandits Crew,https://open.spotify.com/artist/0YJxNQtyb8jlldIC1DTkIf
Shinzo,https://open.spotify.com/artist/20JLim41r7yt0u9rCqQRWa
Slimesito,https://open.spotify.com/artist/1fqzcp3dzZD1YGQ2RT5pYs
Stupeflip,https://open.spotify.com/artist/7qiRNP9z0FhN63YcLmb8Ai
Super Social Jeez,https://open.spotify.com/artist/0eUnyj9Lj4rGCWUZE29rqb
Suprême NTM,https://open.spotify.com/artist/4ko6Ysxtvx9EY9GEFslrIz
TSR Crew,https://open.spotify.com/artist/0Eh3yFYMU0c1sBsmlG0Ulj
TWENTG,https://open.spotify.com/artist/1rKG2Z1Ew3AnbjSswaeNZA
Till!,https://open.spotify.com/artist/2f9xcXooBurDJgDgvjUV9Y
Wax Tailor,https://open.spotify.com/artist/3qwxSif06Qwzykdln8ZGfG
Wu-Tang Clan,https://open.spotify.com/artist/34EP7KEpOjXcM2TCat1ISk
YG Marley,https://open.spotify.com/artist/0n4Fao9kbjgM76RmVlfSwr
aupinard,https://open.spotify.com/artist/33U9I7yBy34UXqKYObItne
Kælan Mikla,https://open.spotify.com/artist/28meEMqGpDrolyQ9OVoDAH
tn_490,https://open.spotify.com/artist/1ULJBOKjmOpRsRRHP1vc2X
GIMS,https://open.spotify.com/artist/0GOx72r5AAEKRGQFn3xqXK
DYSTINCT,https://open.spotify.com/artist/1cKyknhftNKXCjMBd2hDrG
Jungeli,https://open.spotify.com/artist/6L8y2rKomt32RmT4wfwZS7
Benson Boone,https://open.spotify.com/artist/22wbnEMDvgVIAGdFeek6ET
Pierre Garnier,https://open.spotify.com/artist/07UyhXWf7aDbvCZKhTKCpr
FloyyMenor,https://open.spotify.com/artist/7CvTknweLr9feJtRGrpDBy
Cris Mj,https://open.spotify.com/artist/1Yj5Xey7kTwvZla8sqdsdE
Disturbed,https://open.spotify.com/artist/3TOqt5oJwL9BE2NG9MEwDa
Dadju,https://open.spotify.com/artist/4sbXXFzEWJY2zsZjelerjX
Tayc,https://open.spotify.com/artist/7gU9VyFRN3JWPJ5oHOil60
Teddy Swims,https://open.spotify.com/artist/33qOK5uJ8AR2xuQQAhHump
KeBlack,https://open.spotify.com/artist/7x3eTVPlBiPjXHn3qotY86
Franglish,https://open.spotify.com/artist/4uJNQGa3L2frXDxwgouTIw
iñigo quintero,https://open.spotify.com/artist/0jbo7KFNMiIkfBR6ih0yhm
Zaho de Sagazan,https://open.spotify.com/artist/38GSybQjdc6sxptciOkxMq
Slimane,https://open.spotify.com/artist/4OV6uYSnHxSYkjDYuBVBUz
Dua Lipa,https://open.spotify.com/artist/6M2wZ9GZgrQXHCFfjv46we
MKM,https://open.spotify.com/artist/77oYfgMc8OjdleI0RYnwZ5
CYRIL,https://open.spotify.com/artist/11kt6ggsdxvI8MhyeSMKom
Beyoncé,https://open.spotify.com/artist/6vWDO969PvNqNYHIOW5v0m
Artemas,https://open.spotify.com/artist/0PCCGZ0wGLizHt2KZ7hhA2
Tom Odell,https://open.spotify.com/artist/2txHhyCwHjUEpJjWrEyqyX
Corneille,https://open.spotify.com/artist/2GBDOaCl73BVUs2RerIme7
Aya Nakamura,https://open.spotify.com/artist/7IlRNXHjoOCgEAWN5qYksg
Trinix,https://open.spotify.com/artist/3HqP3nd8WI0VfHRhApPlan
Armani White,https://open.spotify.com/artist/2qAwMsiIjTzlmfAkXKvhVA
Pabllo Vittar,https://open.spotify.com/artist/6tzRZ39aZlNqlUzQlkuhDV
Yseult,https://open.spotify.com/artist/1QsdzIKkTT5gDFj8GB1cIX
Don Omar,https://open.spotify.com/artist/33ScadVnbm2X8kkUqOkC6Z
Lucenzo,https://open.spotify.com/artist/5bv5RplEOwdCvhq0EILh9E
VEN1,https://open.spotify.com/artist/3Cz37xnWAOtQEa5jfrTUbL
David Guetta,https://open.spotify.com/artist/1Cs0zKBU1kc0i8ypK3B9ai
OneRepublic,https://open.spotify.com/artist/5Pwc4xIPtQLFEnJriah9YJ
Tate McRae,https://open.spotify.com/artist/45dkTj5sMRSjrmBSBeiHym
Norma Jean Martine,https://open.spotify.com/artist/2fsk4VlJdNF6G8cCMDrrzB
Ofenbach,https://open.spotify.com/artist/4AKwRarlmsUlLjIwt38NLw
Ayra Starr,https://open.spotify.com/artist/3ZpEKRjHaHANcpk10u6Ntq
Miley Cyrus,https://open.spotify.com/artist/5YGY8feqx7naU7z4HrwZM6
Bouss,https://open.spotify.com/artist/3hWQDRr1PqwvnHeiZlucBq
Vacra,https://open.spotify.com/artist/5OLkn5GT6EcMuJzjwgvQnu
JECK,https://open.spotify.com/artist/1U05ZteWDtXtesdvzH647m
Joseph Kamel,https://open.spotify.com/artist/5SQFDZOMgKao4hMpULEaoI
Dadi,https://open.spotify.com/artist/2YRHC9O0GHvyHY38yFP434
Yorssy,https://open.spotify.com/artist/4v3iE7RK6SOyplsSQxZsjc
Lynda,https://open.spotify.com/artist/2GlEiSHYEKlq9cUYDa9oZb
Loreen,https://open.spotify.com/artist/49aaHxvAJ0tCh0F15OnwIl
Morad,https://open.spotify.com/artist/4az97MtWmBQ5Db3GfDh9j9
SativaMusic,https://open.spotify.com/artist/6p46LxMXeRu3FRYN4tK5Lv
Mark Ambor,https://open.spotify.com/artist/11p2E654TTU8e0nZWBR4AL
Kygo,https://open.spotify.com/artist/23fqKkggKUBHNkbKtXEls4
Ava Max,https://open.spotify.com/artist/4npEfmQ6YuiwW1GpUmaq3F
EVAN,https://open.spotify.com/artist/1xRAYSLSBU6hqXDVlDNlJh
BENNETT,https://open.spotify.com/artist/1r43wW70tnGUauQYvY5w48
David Kushner,https://open.spotify.com/artist/33NVpKoXjItPwUJTMZIOiY
Taylor Swift,https://open.spotify.com/artist/06HL4z0CvFAxyc27GXpf02
Myles Smith,https://open.spotify.com/artist/3bO19AOone0ubCsfDXDtYt
Adam Port,https://open.spotify.com/artist/2loEsOijJ6XiGzWYFXMIRk
Stryv,https://open.spotify.com/artist/6XjgqvaVLUib6lCerbZrYD
Keinemusik,https://open.spotify.com/artist/26WKgv73kRHD0gEDKD1i8j
ORSO,https://open.spotify.com/artist/6CUtexEoHrRbt4Ro9V2leN
Malachiii,https://open.spotify.com/artist/37lTKHi901VnwngQ7C8noT
Kofs,https://open.spotify.com/artist/5RaQ9nmVGoTye2SI76x3yw
Elams,https://open.spotify.com/artist/2IoSLl3tqYMq9DzR0d6NJN
SOLDA,https://open.spotify.com/artist/26JvmvCizKVkQvDm6s5RB0
Houari,https://open.spotify.com/artist/6zrOXBaNn0DqJeXxgC2eyH
13 Organisé,https://open.spotify.com/artist/19u3RGWKsjmbg9eI6zAiNp
Tam Sir,https://open.spotify.com/artist/4WxmlzvtfZbTyGB1LvR02X
Sophie Ellis-Bextor,https://open.spotify.com/artist/2cBh5lVMg222FFuRU7EfDE
Shaka Ponk,https://open.spotify.com/artist/0VJIBKdqJygrupAxpSTk7q
Doja Cat,https://open.spotify.com/artist/5cj0lLjcoR7YOSnhnX0Po5
Louise Attaque,https://open.spotify.com/artist/4CAsSAU842glNKJX71ndA9
cassö,https://open.spotify.com/artist/5wCmhq5J2hPwL2r0eKurxn
RAYE,https://open.spotify.com/artist/5KKpBU5eC2tJDzf0wmlRp2
D-Block Europe,https://open.spotify.com/artist/5VadK1havLhK1OpKYsXv9y
Tyla,https://open.spotify.com/artist/3SozjO3Lat463tQICI9LcE
Vance Joy,https://open.spotify.com/artist/10exVja0key0uqUkk6LJRT
Indila,https://open.spotify.com/artist/0FEJqmeLRzsXj8hgcZaAyB
Kim Petras,https://open.spotify.com/artist/3Xt3RrJMFv5SZkCfUE8C1J
Lewis Capaldi,https://open.spotify.com/artist/4GNC7GD6oZMSxPGyXy4MNB
Louane,https://open.spotify.com/artist/7wjeXCtRND2ZdKfMJFu6JC
Nuit Incolore,https://open.spotify.com/artist/2oOAiE62UgqjCEWTHPdn0F
Lord Huron,https://open.spotify.com/artist/6ltzsmQQbmdoHHbLZ4ZN25
Phoebe Bridgers,https://open.spotify.com/artist/1r1uxoy19fzMxunt3ONAkG
Céline Dion,https://open.spotify.com/artist/4S9EykWXhStSc15wEx8QFK
Kenya Grace,https://open.spotify.com/artist/7uMDnSZyUYNBPLhPMNuaM2
Imagine Dragons,https://open.spotify.com/artist/53XhwfbYqKCa1cC15pYq2q
Chappell Roan,https://open.spotify.com/artist/7GlBOeep6PqTfFi59PTUUN
Kalash,https://open.spotify.com/artist/3J7r4VsNmuWixU0nXvyPd8
Trois Cafés Gourmands,https://open.spotify.com/artist/4wngxtsP87ozrQh05D90dO
Eurythmics,https://open.spotify.com/artist/0NKDgy9j66h3DLnN8qu1bB
Joé Dwèt Filé,https://open.spotify.com/artist/26zgIfFyTCImkHAp5gwKW8
ZERB,https://open.spotify.com/artist/0DjGYRXcRe5wa1Jt0GpA4S
Sofiya Nzau,https://open.spotify.com/artist/5Y2FS5YbGf7yRDumzD5nY3
Philippine Lavrey,https://open.spotify.com/artist/2o7TjwrbU1Q3BpUbUnQ9CY
Pierre de Maere,https://open.spotify.com/artist/13mm5rU1jvWfWG6uQ46ypd
Vianney,https://open.spotify.com/artist/4Nrd0CtP8txoQhnnlRA6V6
Kendji Girac,https://open.spotify.com/artist/4IS4EyXNmiI2w5SRCjMtEF
DJADJA,https://open.spotify.com/artist/4Pz7HZCphRYAXA4ZrMY5h2
Kavinsky,https://open.spotify.com/artist/0UF7XLthtbSF2Eur7559oV
PHOENIX,https://open.spotify.com/artist/2sqFv551bb7A5ZoeIaY6ph
Therapie TAXI,https://open.spotify.com/artist/5MynxBz4ZMqvUzpcxTZl4C
Ariana Grande,https://open.spotify.com/artist/66CXWjxzNUsdJxJ2JdwvnR
MERVEILLE,https://open.spotify.com/artist/10LElOTpz86MiyIPLPFSRR
Vincè la petite culotte,https://open.spotify.com/artist/5sDptaTI5qN5FNrbFqQDyd
Chico & The Gypsies,https://open.spotify.com/artist/7EbSS8L1ZtVfwiMz40F1MI
Eminem,https://open.spotify.com/artist/7dGJo4pcD2V6oG8kP0tJRR
Gala,https://open.spotify.com/artist/3OqTvcWgb0xaainosGVvuZ
Halsey,https://open.spotify.com/artist/26VFTg2z8YR0cCuwLzESi2
"Earth, Wind & Fire",https://open.spotify.com/artist/4QQgXkCYTt3BlENzhyNETg
Mr. Belt & Wezol,https://open.spotify.com/artist/19VDJ9IKyBSUMDJxLsasP6
Jérémy Frerot,https://open.spotify.com/artist/4lhtlpMg6j1absrQvXYlRK
Bad Bunny,https://open.spotify.com/artist/4q3ewBCX7sLwd24euuV69X
Ed Sheeran,https://open.spotify.com/artist/6eUKZXaKkcviH0Ku9w2n3V
Justin Bieber,https://open.spotify.com/artist/1uNFoZAHBGtllmzznpCI3s
Post Malone,https://open.spotify.com/artist/246dkjvS1zLTtiykXe5h60
Billie Eilish,https://open.spotify.com/artist/6qqNVTkY8uBg9cP3Jd7DAH
Rihanna,https://open.spotify.com/artist/5pKCCKE2ajJHZ9KAiaK11H
Harry Styles,https://open.spotify.com/artist/6KImCVD70vtIoJWnq6nGn3
J Balvin,https://open.spotify.com/artist/1vyhD5VmyZ7KMfW5gqLgo5
KAROL G,https://open.spotify.com/artist/790FomKkXshlbRYZFtlgla
BLACKPINK,https://open.spotify.com/artist/41MozSoPIsD1dJM0CLPjZF
BTS,https://open.spotify.com/artist/3Nrfpe0tUJi4K4DXYWgMUX
Lana Del Rey,https://open.spotify.com/artist/00FQb4jTyendYWaN8pK0wa
Coldplay,https://open.spotify.com/artist/4gzpq5DPGxSnKTe4SA8HAU
Shakira,https://open.spotify.com/artist/0EmeFodog0BfCgMzAIvKQp
Justin Timberlake,https://open.spotify.com/artist/31TPClRtHm23RisEBtV3X7
Marshmello,https://open.spotify.com/artist/64KEffDW9EtZ1y2vBYgq8T
Sam Smith,https://open.spotify.com/artist/2wY79sveU1sp5g7SokKOiI
Rema,https://open.spotify.com/artist/46pWGuE3dSwY3bMMXGBvVS
Jack Harlow,https://open.spotify.com/artist/2LIk90788K0zvyj2JJVwkJ
Peso Pluma,https://open.spotify.com/artist/12GqGscKJx3aE4t07u7eVZ
Feid,https://open.spotify.com/artist/2LRoIwlKmHjgvigdNGBHNo
ROSALÍA,https://open.spotify.com/artist/7ltDVBr6mKbRvohxheJ9h1
Zach Bryan,https://open.spotify.com/artist/40ZNYROS4zLfyyBSs2PGe2
Anitta,https://open.spotify.com/artist/7n7DTfggDvq4Qf2rw7ZJrw
Måneskin,https://open.spotify.com/artist/0lAWpj5szCSwM4rUMHYmrr
Troye Sivan,https://open.spotify.com/artist/3WGpXCj9YhhfX11TToZcXP
Lizzo,https://open.spotify.com/artist/56oDRnqbIiwx4mymNEv7dS
Adele,https://open.spotify.com/artist/4dpARuHxo51G3z768sgnrY
GIVĒON,https://open.spotify.com/artist/4fxd5Ee7UefO4CUXgwJ7IP
Camila Cabello,https://open.spotify.com/artist/4nDoRrQiYLoBzwC5BhVJzF
Lil Nas X,https://open.spotify.com/artist/7jVv8c5Fj3E9VhNjxT4snq
Pop Smoke,https://open.spotify.com/artist/0eDvMgVFoNV3TpwtrVCoTj
NAV,https://open.spotify.com/artist/7rkW85dBwwrJtlHRDkJDAC
French Montana,https://open.spotify.com/artist/6vXTefBL93Dj5IqAWq6OTv
Yeat,https://open.spotify.com/artist/3qiHUAX7zY4Qnjx8TNUzVx
Bad Gyal,https://open.spotify.com/artist/4F4pp8NUW08JuXwnoxglpN
Lartiste,https://open.spotify.com/artist/6HhnhnxLsowYuuejvku0Bz
Mister You,https://open.spotify.com/artist/74YbW6s8CZdaYLxJU9HeS7
Yanns,https://open.spotify.com/artist/3mirzmIKVfvqcW0M5OKAzR
Benab,https://open.spotify.com/artist/0qO3t2MHM5NIEJ5fw9VndY
Trueno,https://open.spotify.com/artist/2x7PC78TmgqpEIjaGAZ0Oz
Chiloo,https://open.spotify.com/artist/0DjR09NBgtZbkOnBZays9o
Meryl,https://open.spotify.com/artist/1AT8NKdQOU0EVPu6ehN4NA
Dr. Yaro,https://open.spotify.com/artist/0C1YfsZSxVHgL0Z8bngOTM
Junior Bvndo,https://open.spotify.com/artist/58lWi9l7zeTHdUz6Glzm9p
Angèle,https://open.spotify.com/artist/3QVolfxko2UyCOtexhVTli
Dexa,https://open.spotify.com/artist/6aVX5W2NvsVknEXI2MpVFl
inert,https://open.spotify.com/artist/3g0TdQT1NW2ZQUiertTxxH
